
simpleFoam has been superseded and replaced by the more general
incompressibleFluid solver module executed by the foamRun application:

    foamRun -solver incompressibleFluid

/*---------------------------------------------------------------------------*\
  =========                 |
  \\      /  F ield         | OpenFOAM: The Open Source CFD Toolbox
   \\    /   O peration     | Website:  https://openfoam.org
    \\  /    A nd           | Version:  13
     \\/     M anipulation  |
\*---------------------------------------------------------------------------*/
Build  : 13-441953dfbb42
Exec   : foamRun -solver incompressibleFluid
Date   : Apr 24 2026
Time   : 09:48:45
Host   : "DESKTOP-NKIGO8J"
PID    : 22468
I/O    : uncollated
Case   : /mnt/c/Users/СЂСЃ/Desktop/bulbop2/bulbai2/projects/case-c8f6a7a7/working/night_optimization/foam_candidates/candidate-1cbcc8e7/working/openfoam_case
nProcs : 1
sigFpe : Enabling floating point exception trapping (FOAM_SIGFPE).
fileModificationChecking : Monitoring run-time modified files using timeStampMaster (fileModificationSkew 10)
allowSystemOperations : Allowing user-supplied system call operations

// * * * * * * * * * * * * * * * * * * * * * * * * * * * * * * * * * * * * * //
Create time

Create mesh for time = 0

Selecting solver incompressibleFluid
Selecting viscosity model Newtonian
Selecting turbulence model type RAS
    Selecting RAS turbulence model kOmegaSST
No MRF models present

Selecting patchDistMethod meshWave

SIMPLE: Convergence criteria found
        p: tolerance 1e-05
        U: tolerance 1e-06
        "(k|omega|epsilon)": tolerance 1e-05


SIMPLE: Operating solver in steady-state mode with 1 outer corrector
SIMPLE: Operating solver in SIMPLE mode



Starting time loop

Time = 1s

smoothSolver:  Solving for Ux, Initial residual = 1, Final residual = 0.04597558079, No Iterations 3
smoothSolver:  Solving for Uy, Initial residual = 1, Final residual = 0.07934914061, No Iterations 2
smoothSolver:  Solving for Uz, Initial residual = 1, Final residual = 0.04853156628, No Iterations 3
GAMG:  Solving for p, Initial residual = 1, Final residual = 0.004108131899, No Iterations 7
time step continuity errors : sum local = 0.0004572956404, global = 7.197943982e-05, cumulative = 7.197943982e-05
smoothSolver:  Solving for omega, Initial residual = 0.0305899061, Final residual = 0.001843904844, No Iterations 2
smoothSolver:  Solving for k, Initial residual = 1, Final residual = 0.05320347197, No Iterations 2
ExecutionTime = 2.619144 s  ClockTime = 4 s

Time = 2s

smoothSolver:  Solving for Ux, Initial residual = 0.4499067864, Final residual = 0.0394913302, No Iterations 2
smoothSolver:  Solving for Uy, Initial residual = 0.3898929166, Final residual = 0.02420314578, No Iterations 3
smoothSolver:  Solving for Uz, Initial residual = 0.3297094958, Final residual = 0.02553508991, No Iterations 3
GAMG:  Solving for p, Initial residual = 0.1870665853, Final residual = 0.001059754219, No Iterations 6
time step continuity errors : sum local = 0.0005113519273, global = -0.000160400655, cumulative = -8.842121515e-05
smoothSolver:  Solving for omega, Initial residual = 0.0152756805, Final residual = 0.00092679553, No Iterations 2
smoothSolver:  Solving for k, Initial residual = 0.399283928, Final residual = 0.01986170456, No Iterations 2
ExecutionTime = 3.38446 s  ClockTime = 4 s

Time = 3s

smoothSolver:  Solving for Ux, Initial residual = 0.3010839122, Final residual = 0.0117599412, No Iterations 3
smoothSolver:  Solving for Uy, Initial residual = 0.282858409, Final residual = 0.01805895925, No Iterations 3
smoothSolver:  Solving for Uz, Initial residual = 0.2313131231, Final residual = 0.01953265798, No Iterations 3
GAMG:  Solving for p, Initial residual = 0.1242344939, Final residual = 0.0008202729369, No Iterations 4
time step continuity errors : sum local = 0.000489646724, global = -0.000174970287, cumulative = -0.0002633915022
smoothSolver:  Solving for omega, Initial residual = 0.01164583867, Final residual = 0.0006248082284, No Iterations 2
smoothSolver:  Solving for k, Initial residual = 0.255017771, Final residual = 0.01252885632, No Iterations 2
ExecutionTime = 4.106576 s  ClockTime = 5 s

Time = 4s

smoothSolver:  Solving for Ux, Initial residual = 0.2081319551, Final residual = 0.008697418661, No Iterations 3
smoothSolver:  Solving for Uy, Initial residual = 0.1948937676, Final residual = 0.01257197292, No Iterations 3
smoothSolver:  Solving for Uz, Initial residual = 0.1577544222, Final residual = 0.01361881355, No Iterations 3
GAMG:  Solving for p, Initial residual = 0.171840077, Final residual = 0.0007837083532, No Iterations 5
time step continuity errors : sum local = 0.0004138203522, global = -8.71021223e-05, cumulative = -0.0003504936245
smoothSolver:  Solving for omega, Initial residual = 0.008902908104, Final residual = 0.0004484712162, No Iterations 2
smoothSolver:  Solving for k, Initial residual = 0.1618052302, Final residual = 0.009124879711, No Iterations 2
ExecutionTime = 5.450072 s  ClockTime = 6 s

Time = 5s

smoothSolver:  Solving for Ux, Initial residual = 0.1273646143, Final residual = 0.005673263639, No Iterations 3
smoothSolver:  Solving for Uy, Initial residual = 0.1201697743, Final residual = 0.007864625867, No Iterations 3
smoothSolver:  Solving for Uz, Initial residual = 0.09964889533, Final residual = 0.008637645364, No Iterations 3
GAMG:  Solving for p, Initial residual = 0.281510652, Final residual = 0.002069348915, No Iterations 5
time step continuity errors : sum local = 0.0007394090262, global = -0.0001452521958, cumulative = -0.0004957458203
smoothSolver:  Solving for omega, Initial residual = 0.006737570195, Final residual = 0.0003647417968, No Iterations 2
smoothSolver:  Solving for k, Initial residual = 0.122499654, Final residual = 0.007131832394, No Iterations 2
ExecutionTime = 6.725972 s  ClockTime = 7 s

Time = 6s

smoothSolver:  Solving for Ux, Initial residual = 0.06412218795, Final residual = 0.003092099385, No Iterations 3
smoothSolver:  Solving for Uy, Initial residual = 0.05863182717, Final residual = 0.003724049755, No Iterations 3
smoothSolver:  Solving for Uz, Initial residual = 0.05521881575, Final residual = 0.004381062202, No Iterations 3
GAMG:  Solving for p, Initial residual = 0.3441519633, Final residual = 0.002728984969, No Iterations 5
time step continuity errors : sum local = 0.0007768387507, global = -0.0001521165232, cumulative = -0.0006478623435
smoothSolver:  Solving for omega, Initial residual = 0.005467153253, Final residual = 0.0003118087286, No Iterations 2
smoothSolver:  Solving for k, Initial residual = 0.0983059429, Final residual = 0.005987240823, No Iterations 2
bounding k, min: -0.02560354365 max: 0.9649549799 average: 0.3141557405
ExecutionTime = 7.611996 s  ClockTime = 8 s

Time = 7s

smoothSolver:  Solving for Ux, Initial residual = 0.0530280902, Final residual = 0.002083856113, No Iterations 3
smoothSolver:  Solving for Uy, Initial residual = 0.03377748834, Final residual = 0.003151697266, No Iterations 2
smoothSolver:  Solving for Uz, Initial residual = 0.03694930057, Final residual = 0.003527054412, No Iterations 2
GAMG:  Solving for p, Initial residual = 0.2002958986, Final residual = 0.00139648639, No Iterations 5
time step continuity errors : sum local = 0.0006162460351, global = -0.0001189650255, cumulative = -0.000766827369
smoothSolver:  Solving for omega, Initial residual = 0.004663182781, Final residual = 0.0002767818328, No Iterations 2
smoothSolver:  Solving for k, Initial residual = 0.08328939363, Final residual = 0.005314248453, No Iterations 2
bounding k, min: -0.02751173835 max: 0.9998937979 average: 0.3084097472
ExecutionTime = 8.389777 s  ClockTime = 9 s

Time = 8s

smoothSolver:  Solving for Ux, Initial residual = 0.07653837239, Final residual = 0.00734716729, No Iterations 2
smoothSolver:  Solving for Uy, Initial residual = 0.05807247066, Final residual = 0.00318380059, No Iterations 3
smoothSolver:  Solving for Uz, Initial residual = 0.04635994666, Final residual = 0.003049321934, No Iterations 3
GAMG:  Solving for p, Initial residual = 0.138986573, Final residual = 0.001136471725, No Iterations 4
time step continuity errors : sum local = 0.0005989759875, global = 0.0001288729968, cumulative = -0.0006379543722
smoothSolver:  Solving for omega, Initial residual = 0.004096236964, Final residual = 0.0002495643576, No Iterations 2
smoothSolver:  Solving for k, Initial residual = 0.07316262589, Final residual = 0.004818927323, No Iterations 2
bounding k, min: -0.02037012243 max: 1.079618344 average: 0.302977005
ExecutionTime = 9.109268 s  ClockTime = 10 s

Time = 9s

smoothSolver:  Solving for Ux, Initial residual = 0.08461276623, Final residual = 0.008315290563, No Iterations 2
smoothSolver:  Solving for Uy, Initial residual = 0.07931051253, Final residual = 0.00489375514, No Iterations 3
smoothSolver:  Solving for Uz, Initial residual = 0.06336382674, Final residual = 0.005011876086, No Iterations 3
GAMG:  Solving for p, Initial residual = 0.1086506501, Final residual = 0.0004696095928, No Iterations 4
time step continuity errors : sum local = 0.0002540520764, global = 9.175249513e-05, cumulative = -0.0005462018771
smoothSolver:  Solving for omega, Initial residual = 0.003665025385, Final residual = 0.0002314905495, No Iterations 2
smoothSolver:  Solving for k, Initial residual = 0.06503934122, Final residual = 0.004476520432, No Iterations 2
bounding k, min: -0.02016786074 max: 1.146829411 average: 0.297867424
ExecutionTime = 10.255748 s  ClockTime = 11 s

Time = 10s

smoothSolver:  Solving for Ux, Initial residual = 0.07336942734, Final residual = 0.007282964834, No Iterations 2
smoothSolver:  Solving for Uy, Initial residual = 0.0796390448, Final residual = 0.005164538158, No Iterations 3
smoothSolver:  Solving for Uz, Initial residual = 0.06884391863, Final residual = 0.005633608225, No Iterations 3
GAMG:  Solving for p, Initial residual = 0.108839828, Final residual = 0.000872527535, No Iterations 4
time step continuity errors : sum local = 0.0004347492904, global = 0.0001446030539, cumulative = -0.0004015988232
smoothSolver:  Solving for omega, Initial residual = 0.00331216273, Final residual = 0.000214664506, No Iterations 2
smoothSolver:  Solving for k, Initial residual = 0.05842969338, Final residual = 0.00412071655, No Iterations 2
bounding k, min: -0.01299091944 max: 1.198395293 average: 0.2929977034
ExecutionTime = 11.071198 s  ClockTime = 11 s

Time = 11s

smoothSolver:  Solving for Ux, Initial residual = 0.05030891388, Final residual = 0.00493005669, No Iterations 2
smoothSolver:  Solving for Uy, Initial residual = 0.05901012893, Final residual = 0.003996010274, No Iterations 3
smoothSolver:  Solving for Uz, Initial residual = 0.05946100001, Final residual = 0.004812386745, No Iterations 3
GAMG:  Solving for p, Initial residual = 0.1222228435, Final residual = 0.001030808288, No Iterations 4
time step continuity errors : sum local = 0.0004367595096, global = 0.000109360957, cumulative = -0.0002922378663
smoothSolver:  Solving for omega, Initial residual = 0.003023755586, Final residual = 0.0001979118, No Iterations 2
smoothSolver:  Solving for k, Initial residual = 0.05212427393, Final residual = 0.003833118633, No Iterations 2
bounding k, min: -0.01643343001 max: 1.243018311 average: 0.288378212
ExecutionTime = 12.079422 s  ClockTime = 12 s

Time = 12s

smoothSolver:  Solving for Ux, Initial residual = 0.02992205342, Final residual = 0.002861319442, No Iterations 2
smoothSolver:  Solving for Uy, Initial residual = 0.0350863698, Final residual = 0.00216492946, No Iterations 3
smoothSolver:  Solving for Uz, Initial residual = 0.04229830771, Final residual = 0.003058806428, No Iterations 3
GAMG:  Solving for p, Initial residual = 0.1376265083, Final residual = 0.0012964445, No Iterations 4
time step continuity errors : sum local = 0.0004467472087, global = -8.75318229e-05, cumulative = -0.0003797696892
smoothSolver:  Solving for omega, Initial residual = 0.002751710475, Final residual = 0.0001839405228, No Iterations 2
smoothSolver:  Solving for k, Initial residual = 0.04652864248, Final residual = 0.003513596293, No Iterations 2
bounding k, min: -0.01136117811 max: 1.231456639 average: 0.2839429358
ExecutionTime = 12.866263 s  ClockTime = 13 s

Time = 13s

smoothSolver:  Solving for Ux, Initial residual = 0.02880975627, Final residual = 0.001285842889, No Iterations 3
smoothSolver:  Solving for Uy, Initial residual = 0.03056778124, Final residual = 0.001411601646, No Iterations 3
smoothSolver:  Solving for Uz, Initial residual = 0.02900828948, Final residual = 0.001429019412, No Iterations 3
GAMG:  Solving for p, Initial residual = 0.1493850529, Final residual = 0.0007181832844, No Iterations 5
time step continuity errors : sum local = 0.000202899087, global = 3.71896508e-05, cumulative = -0.0003425800384
smoothSolver:  Solving for omega, Initial residual = 0.002519427392, Final residual = 0.0001694418036, No Iterations 2
smoothSolver:  Solving for k, Initial residual = 0.04174919486, Final residual = 0.003218820747, No Iterations 2
bounding k, min: -0.02649604166 max: 1.278313834 average: 0.2796814714
ExecutionTime = 13.554839 s  ClockTime = 14 s

Time = 14s

smoothSolver:  Solving for Ux, Initial residual = 0.03504293922, Final residual = 0.001695335944, No Iterations 3
smoothSolver:  Solving for Uy, Initial residual = 0.03199245639, Final residual = 0.001683371676, No Iterations 3
smoothSolver:  Solving for Uz, Initial residual = 0.02450313021, Final residual = 0.001300353574, No Iterations 3
GAMG:  Solving for p, Initial residual = 0.1453131878, Final residual = 0.0008971169085, No Iterations 4
time step continuity errors : sum local = 0.0002251918096, global = 4.260462477e-05, cumulative = -0.0002999754136
smoothSolver:  Solving for omega, Initial residual = 0.002308551429, Final residual = 0.000157218365, No Iterations 2
smoothSolver:  Solving for k, Initial residual = 0.03759550362, Final residual = 0.002955560638, No Iterations 2
bounding k, min: -0.05134652901 max: 1.29811807 average: 0.2755325864
ExecutionTime = 14.245949 s  ClockTime = 14 s

Time = 15s

smoothSolver:  Solving for Ux, Initial residual = 0.03556545866, Final residual = 0.001824820105, No Iterations 3
smoothSolver:  Solving for Uy, Initial residual = 0.03063196437, Final residual = 0.001842768056, No Iterations 3
smoothSolver:  Solving for Uz, Initial residual = 0.02444921417, Final residual = 0.001702062478, No Iterations 3
GAMG:  Solving for p, Initial residual = 0.1244339036, Final residual = 0.0004428764761, No Iterations 4
time step continuity errors : sum local = 0.0001105991295, global = -3.255816253e-05, cumulative = -0.0003325335761
smoothSolver:  Solving for omega, Initial residual = 0.00214937307, Final residual = 0.0001453690331, No Iterations 2
smoothSolver:  Solving for k, Initial residual = 0.0340968919, Final residual = 0.002716478832, No Iterations 2
bounding k, min: -0.03246709418 max: 1.370948368 average: 0.2714894086
ExecutionTime = 15.280391 s  ClockTime = 15 s

Time = 16s

smoothSolver:  Solving for Ux, Initial residual = 0.03056892817, Final residual = 0.001685199392, No Iterations 3
smoothSolver:  Solving for Uy, Initial residual = 0.02513666348, Final residual = 0.001656927485, No Iterations 3
smoothSolver:  Solving for Uz, Initial residual = 0.02284188842, Final residual = 0.001724458509, No Iterations 3
GAMG:  Solving for p, Initial residual = 0.1031757266, Final residual = 0.000661409644, No Iterations 4
time step continuity errors : sum local = 0.0001782435488, global = -7.648446559e-05, cumulative = -0.0004090180417
smoothSolver:  Solving for omega, Initial residual = 0.002005325074, Final residual = 0.0001368405141, No Iterations 2
smoothSolver:  Solving for k, Initial residual = 0.03144317311, Final residual = 0.002553448842, No Iterations 2
bounding k, min: -0.01180112564 max: 1.409910882 average: 0.2675073415
ExecutionTime = 16.631019 s  ClockTime = 17 s

Time = 17s

smoothSolver:  Solving for Ux, Initial residual = 0.02263355982, Final residual = 0.001391773341, No Iterations 3
smoothSolver:  Solving for Uy, Initial residual = 0.01731903789, Final residual = 0.001211261429, No Iterations 3
smoothSolver:  Solving for Uz, Initial residual = 0.01924835847, Final residual = 0.001402742136, No Iterations 3
GAMG:  Solving for p, Initial residual = 0.08617222363, Final residual = 0.0006573307448, No Iterations 4
time step continuity errors : sum local = 0.0001973762184, global = -7.111127848e-05, cumulative = -0.0004801293202
smoothSolver:  Solving for omega, Initial residual = 0.001894440574, Final residual = 0.0001280124785, No Iterations 2
smoothSolver:  Solving for k, Initial residual = 0.02945645923, Final residual = 0.002401416626, No Iterations 2
bounding k, min: -0.02372764105 max: 1.421001547 average: 0.2635938223
ExecutionTime = 17.401377 s  ClockTime = 17 s

Time = 18s

smoothSolver:  Solving for Ux, Initial residual = 0.01662194346, Final residual = 0.001070201045, No Iterations 3
smoothSolver:  Solving for Uy, Initial residual = 0.01282537363, Final residual = 0.0007510923849, No Iterations 3
smoothSolver:  Solving for Uz, Initial residual = 0.01562429943, Final residual = 0.0009621012586, No Iterations 3
GAMG:  Solving for p, Initial residual = 0.07218002952, Final residual = 0.0004245054781, No Iterations 4
time step continuity errors : sum local = 0.0001409003973, global = -3.395947401e-05, cumulative = -0.0005140887942
smoothSolver:  Solving for omega, Initial residual = 0.001790377376, Final residual = 0.0001206416636, No Iterations 2
smoothSolver:  Solving for k, Initial residual = 0.02797589697, Final residual = 0.0022687923, No Iterations 2
bounding k, min: -0.007505642499 max: 1.39043664 average: 0.2597333122
ExecutionTime = 18.148083 s  ClockTime = 18 s

Time = 19s

smoothSolver:  Solving for Ux, Initial residual = 0.01602357843, Final residual = 0.0008845271679, No Iterations 3
smoothSolver:  Solving for Uy, Initial residual = 0.01248320171, Final residual = 0.0005952308499, No Iterations 3
smoothSolver:  Solving for Uz, Initial residual = 0.01350611178, Final residual = 0.0006831348232, No Iterations 3
GAMG:  Solving for p, Initial residual = 0.06208241924, Final residual = 0.000501589165, No Iterations 4
time step continuity errors : sum local = 0.0001791215971, global = 3.949425547e-05, cumulative = -0.0004745945387
smoothSolver:  Solving for omega, Initial residual = 0.001709095046, Final residual = 0.000113988936, No Iterations 2
smoothSolver:  Solving for k, Initial residual = 0.02676809639, Final residual = 0.002164000932, No Iterations 2
bounding k, min: -0.01795438527 max: 1.337586035 average: 0.2559398841
ExecutionTime = 19.082097 s  ClockTime = 19 s

Time = 20s

smoothSolver:  Solving for Ux, Initial residual = 0.01626372917, Final residual = 0.0007925497491, No Iterations 3
smoothSolver:  Solving for Uy, Initial residual = 0.01347256921, Final residual = 0.0006757712745, No Iterations 3
smoothSolver:  Solving for Uz, Initial residual = 0.01312485502, Final residual = 0.0007132400212, No Iterations 3
GAMG:  Solving for p, Initial residual = 0.05483057699, Final residual = 0.0003721485229, No Iterations 4
time step continuity errors : sum local = 0.0001383668589, global = -3.082761521e-05, cumulative = -0.0005054221539
smoothSolver:  Solving for omega, Initial residual = 0.00163511374, Final residual = 0.0001084472667, No Iterations 2
smoothSolver:  Solving for k, Initial residual = 0.02566875863, Final residual = 0.002070530806, No Iterations 2
bounding k, min: -0.004643502157 max: 1.265911659 average: 0.2522067865
ExecutionTime = 20.07991 s  ClockTime = 20 s

Time = 21s

smoothSolver:  Solving for Ux, Initial residual = 0.01556515115, Final residual = 0.0007219354877, No Iterations 3
smoothSolver:  Solving for Uy, Initial residual = 0.01370473143, Final residual = 0.0007474364835, No Iterations 3
smoothSolver:  Solving for Uz, Initial residual = 0.01373863967, Final residual = 0.0008861113039, No Iterations 3
GAMG:  Solving for p, Initial residual = 0.04935380971, Final residual = 0.0002061241459, No Iterations 4
time step continuity errors : sum local = 7.741137391e-05, global = -8.124546314e-06, cumulative = -0.0005135467003
smoothSolver:  Solving for omega, Initial residual = 0.00156917933, Final residual = 0.0001026301543, No Iterations 2
smoothSolver:  Solving for k, Initial residual = 0.02471213732, Final residual = 0.001975080106, No Iterations 2
bounding k, min: -0.01650647028 max: 1.183909963 average: 0.2485512464
ExecutionTime = 20.884944 s  ClockTime = 21 s

Time = 22s

smoothSolver:  Solving for Ux, Initial residual = 0.0140135662, Final residual = 0.0006556192712, No Iterations 3
smoothSolver:  Solving for Uy, Initial residual = 0.012593517, Final residual = 0.0007214919361, No Iterations 3
smoothSolver:  Solving for Uz, Initial residual = 0.01371719761, Final residual = 0.0009537035306, No Iterations 3
GAMG:  Solving for p, Initial residual = 0.04554582724, Final residual = 0.0001593130094, No Iterations 4
time step continuity errors : sum local = 5.916063925e-05, global = 1.598067722e-05, cumulative = -0.000497566023
smoothSolver:  Solving for omega, Initial residual = 0.001510874562, Final residual = 9.743388862e-05, No Iterations 2
smoothSolver:  Solving for k, Initial residual = 0.02383690899, Final residual = 0.00189144527, No Iterations 2
bounding k, min: -0.008983008207 max: 1.101708451 average: 0.2449537664
ExecutionTime = 21.639782 s  ClockTime = 21 s

Time = 23s

smoothSolver:  Solving for Ux, Initial residual = 0.0124187066, Final residual = 0.0006086181886, No Iterations 3
smoothSolver:  Solving for Uy, Initial residual = 0.01100086954, Final residual = 0.0006380631759, No Iterations 3
smoothSolver:  Solving for Uz, Initial residual = 0.01251562352, Final residual = 0.0008884648958, No Iterations 3
GAMG:  Solving for p, Initial residual = 0.04276637765, Final residual = 0.0001539480612, No Iterations 4
time step continuity errors : sum local = 5.585172455e-05, global = 1.179430733e-05, cumulative = -0.0004857717157
smoothSolver:  Solving for omega, Initial residual = 0.001463349401, Final residual = 9.278506271e-05, No Iterations 2
smoothSolver:  Solving for k, Initial residual = 0.02293774651, Final residual = 0.001813077267, No Iterations 2
bounding k, min: -0.01757577085 max: 1.021725954 average: 0.2414382591
ExecutionTime = 22.356725 s  ClockTime = 22 s

Time = 24s

smoothSolver:  Solving for Ux, Initial residual = 0.0114843085, Final residual = 0.0005980111555, No Iterations 3
smoothSolver:  Solving for Uy, Initial residual = 0.009827671756, Final residual = 0.0005729556571, No Iterations 3
smoothSolver:  Solving for Uz, Initial residual = 0.01074895598, Final residual = 0.0007425144519, No Iterations 3
GAMG:  Solving for p, Initial residual = 0.04057002953, Final residual = 0.0002381007313, No Iterations 4
time step continuity errors : sum local = 8.40698042e-05, global = -1.861506438e-05, cumulative = -0.0005043867801
smoothSolver:  Solving for omega, Initial residual = 0.001416986114, Final residual = 8.856918438e-05, No Iterations 2
smoothSolver:  Solving for k, Initial residual = 0.02209154718, Final residual = 0.001748985683, No Iterations 2
bounding k, min: -0.03863046645 max: 0.9408775187 average: 0.2379799845
ExecutionTime = 23.300648 s  ClockTime = 23 s

Time = 25s

smoothSolver:  Solving for Ux, Initial residual = 0.01092021123, Final residual = 0.0006049703213, No Iterations 3
smoothSolver:  Solving for Uy, Initial residual = 0.008961591076, Final residual = 0.0005368349158, No Iterations 3
smoothSolver:  Solving for Uz, Initial residual = 0.009119770476, Final residual = 0.0005933021731, No Iterations 3
GAMG:  Solving for p, Initial residual = 0.03872428277, Final residual = 0.0002687045961, No Iterations 4
time step continuity errors : sum local = 9.270120117e-05, global = -2.292954295e-05, cumulative = -0.000527316323
smoothSolver:  Solving for omega, Initial residual = 0.00137573603, Final residual = 8.434894309e-05, No Iterations 2
smoothSolver:  Solving for k, Initial residual = 0.02123607255, Final residual = 0.001670741409, No Iterations 2
bounding k, min: -0.02264362303 max: 0.9009356651 average: 0.2346033094
ExecutionTime = 24.070386 s  ClockTime = 24 s

Time = 26s

smoothSolver:  Solving for Ux, Initial residual = 0.01037790087, Final residual = 0.0006076955015, No Iterations 3
smoothSolver:  Solving for Uy, Initial residual = 0.008163377524, Final residual = 0.0005056486138, No Iterations 3
smoothSolver:  Solving for Uz, Initial residual = 0.007920910506, Final residual = 0.00048665957, No Iterations 3
GAMG:  Solving for p, Initial residual = 0.03681530298, Final residual = 0.0001540777414, No Iterations 4
time step continuity errors : sum local = 5.238257709e-05, global = 8.8460446e-06, cumulative = -0.0005184702784
smoothSolver:  Solving for omega, Initial residual = 0.001343491513, Final residual = 8.106791203e-05, No Iterations 2
smoothSolver:  Solving for k, Initial residual = 0.02046760159, Final residual = 0.001595279325, No Iterations 2
bounding k, min: -0.01164236804 max: 0.8589024511 average: 0.2312890203
ExecutionTime = 24.98674 s  ClockTime = 25 s

Time = 27s

smoothSolver:  Solving for Ux, Initial residual = 0.009699771706, Final residual = 0.0005950563288, No Iterations 3
smoothSolver:  Solving for Uy, Initial residual = 0.007372529539, Final residual = 0.0004656250672, No Iterations 3
smoothSolver:  Solving for Uz, Initial residual = 0.007125162168, Final residual = 0.0004246945369, No Iterations 3
GAMG:  Solving for p, Initial residual = 0.03467862033, Final residual = 0.0001215718589, No Iterations 4
time step continuity errors : sum local = 4.113010212e-05, global = 7.797596635e-06, cumulative = -0.0005106726818
smoothSolver:  Solving for omega, Initial residual = 0.001310211815, Final residual = 7.767206739e-05, No Iterations 2
smoothSolver:  Solving for k, Initial residual = 0.01967960899, Final residual = 0.001537015869, No Iterations 2
bounding k, min: -0.02564175398 max: 0.8233274997 average: 0.2280595442
ExecutionTime = 25.789646 s  ClockTime = 25 s

Time = 28s

smoothSolver:  Solving for Ux, Initial residual = 0.008984696348, Final residual = 0.0005668803653, No Iterations 3
smoothSolver:  Solving for Uy, Initial residual = 0.006664040301, Final residual = 0.0004197126353, No Iterations 3
smoothSolver:  Solving for Uz, Initial residual = 0.006629364819, Final residual = 0.0003914358616, No Iterations 3
GAMG:  Solving for p, Initial residual = 0.03251662005, Final residual = 0.0002860054318, No Iterations 3
time step continuity errors : sum local = 9.706508965e-05, global = -1.743010316e-05, cumulative = -0.000528102785
smoothSolver:  Solving for omega, Initial residual = 0.001284527307, Final residual = 7.537293734e-05, No Iterations 2
smoothSolver:  Solving for k, Initial residual = 0.01891903366, Final residual = 0.001470243529, No Iterations 2
bounding k, min: -0.01168591428 max: 0.7886224571 average: 0.2249054626
ExecutionTime = 26.456074 s  ClockTime = 26 s

Time = 29s

smoothSolver:  Solving for Ux, Initial residual = 0.00836518053, Final residual = 0.0005304622295, No Iterations 3
smoothSolver:  Solving for Uy, Initial residual = 0.006174328668, Final residual = 0.0003750066185, No Iterations 3
smoothSolver:  Solving for Uz, Initial residual = 0.006325988874, Final residual = 0.0003723149345, No Iterations 3
GAMG:  Solving for p, Initial residual = 0.03056728246, Final residual = 0.0003005186294, No Iterations 3
time step continuity errors : sum local = 0.0001027500318, global = -2.258725551e-05, cumulative = -0.0005506900405
smoothSolver:  Solving for omega, Initial residual = 0.00125529323, Final residual = 7.271407362e-05, No Iterations 2
smoothSolver:  Solving for k, Initial residual = 0.01823272646, Final residual = 0.001421622464, No Iterations 2
bounding k, min: -0.02645087127 max: 0.7589230585 average: 0.2218388307
ExecutionTime = 27.332999 s  ClockTime = 27 s

Time = 30s

smoothSolver:  Solving for Ux, Initial residual = 0.00788739045, Final residual = 0.0004919866774, No Iterations 3
smoothSolver:  Solving for Uy, Initial residual = 0.00591992038, Final residual = 0.0003403554849, No Iterations 3
smoothSolver:  Solving for Uz, Initial residual = 0.006197307231, Final residual = 0.0003674721761, No Iterations 3
GAMG:  Solving for p, Initial residual = 0.02882997372, Final residual = 0.0001334707867, No Iterations 4
time step continuity errors : sum local = 4.605918857e-05, global = 1.02184433e-05, cumulative = -0.0005404715972
smoothSolver:  Solving for omega, Initial residual = 0.001234152211, Final residual = 7.058731956e-05, No Iterations 2
smoothSolver:  Solving for k, Initial residual = 0.01754136457, Final residual = 0.001365226148, No Iterations 2
bounding k, min: -0.01169132739 max: 0.7301462345 average: 0.21885069
ExecutionTime = 28.117677 s  ClockTime = 28 s

Time = 31s

smoothSolver:  Solving for Ux, Initial residual = 0.007523524877, Final residual = 0.0004553162313, No Iterations 3
smoothSolver:  Solving for Uy, Initial residual = 0.005781621172, Final residual = 0.0003190964343, No Iterations 3
smoothSolver:  Solving for Uz, Initial residual = 0.006212739357, Final residual = 0.0003786128422, No Iterations 3
GAMG:  Solving for p, Initial residual = 0.02727493176, Final residual = 0.0001404226777, No Iterations 4
time step continuity errors : sum local = 4.889422062e-05, global = 1.210453127e-05, cumulative = -0.0005283670659
smoothSolver:  Solving for omega, Initial residual = 0.001210849682, Final residual = 6.840782427e-05, No Iterations 2
smoothSolver:  Solving for k, Initial residual = 0.01689276474, Final residual = 0.001312212592, No Iterations 2
bounding k, min: -0.02486436205 max: 0.710156853 average: 0.2159536907
ExecutionTime = 29.046586 s  ClockTime = 29 s

Time = 32s

smoothSolver:  Solving for Ux, Initial residual = 0.007210141998, Final residual = 0.0004232835635, No Iterations 3
smoothSolver:  Solving for Uy, Initial residual = 0.005649869532, Final residual = 0.0003073243997, No Iterations 3
smoothSolver:  Solving for Uz, Initial residual = 0.006274411061, Final residual = 0.0003963223157, No Iterations 3
GAMG:  Solving for p, Initial residual = 0.02592366852, Final residual = 0.0001113453986, No Iterations 4
time step continuity errors : sum local = 3.902547973e-05, global = 7.886764336e-06, cumulative = -0.0005204803016
smoothSolver:  Solving for omega, Initial residual = 0.001192637434, Final residual = 6.63242958e-05, No Iterations 2
smoothSolver:  Solving for k, Initial residual = 0.01623532708, Final residual = 0.001248176525, No Iterations 2
bounding k, min: -0.01194356753 max: 0.6950508791 average: 0.2131486572
ExecutionTime = 29.867803 s  ClockTime = 29 s

Time = 33s

smoothSolver:  Solving for Ux, Initial residual = 0.006904923834, Final residual = 0.0003961963784, No Iterations 3
smoothSolver:  Solving for Uy, Initial residual = 0.005480489412, Final residual = 0.0002991636649, No Iterations 3
smoothSolver:  Solving for Uz, Initial residual = 0.006283515442, Final residual = 0.0004100535087, No Iterations 3
GAMG:  Solving for p, Initial residual = 0.02467762306, Final residual = 7.17545863e-05, No Iterations 4
time step continuity errors : sum local = 2.523432024e-05, global = -2.610440603e-06, cumulative = -0.0005230907422
smoothSolver:  Solving for omega, Initial residual = 0.001171793109, Final residual = 6.44671791e-05, No Iterations 2
smoothSolver:  Solving for k, Initial residual = 0.01561691239, Final residual = 0.001205027458, No Iterations 2
bounding k, min: -0.02269319049 max: 0.681533763 average: 0.2104416824
ExecutionTime = 30.59717 s  ClockTime = 30 s

Time = 34s

smoothSolver:  Solving for Ux, Initial residual = 0.006593435169, Final residual = 0.0003731115557, No Iterations 3
smoothSolver:  Solving for Uy, Initial residual = 0.005277934669, Final residual = 0.0002915900515, No Iterations 3
smoothSolver:  Solving for Uz, Initial residual = 0.006180352791, Final residual = 0.0004133974196, No Iterations 3
GAMG:  Solving for p, Initial residual = 0.02353385499, Final residual = 7.764786831e-05, No Iterations 4
time step continuity errors : sum local = 2.731935349e-05, global = 2.931499005e-06, cumulative = -0.0005201592432
smoothSolver:  Solving for omega, Initial residual = 0.001154851014, Final residual = 6.21364084e-05, No Iterations 2
smoothSolver:  Solving for k, Initial residual = 0.014963796, Final residual = 0.001154642054, No Iterations 2
bounding k, min: -0.01210659572 max: 0.670626334 average: 0.2078261177
ExecutionTime = 31.295268 s  ClockTime = 31 s

Time = 35s

smoothSolver:  Solving for Ux, Initial residual = 0.006263879949, Final residual = 0.0003531691823, No Iterations 3
smoothSolver:  Solving for Uy, Initial residual = 0.005057439068, Final residual = 0.0002836412841, No Iterations 3
smoothSolver:  Solving for Uz, Initial residual = 0.005961305202, Final residual = 0.0004045815545, No Iterations 3
GAMG:  Solving for p, Initial residual = 0.02250040691, Final residual = 0.0002082486931, No Iterations 3
time step continuity errors : sum local = 7.3143803e-05, global = 7.137426439e-07, cumulative = -0.0005194455005
smoothSolver:  Solving for omega, Initial residual = 0.001137411443, Final residual = 6.11010195e-05, No Iterations 2
smoothSolver:  Solving for k, Initial residual = 0.01432577031, Final residual = 0.001106899083, No Iterations 2
bounding k, min: -0.02099468348 max: 0.6623207311 average: 0.2053126032
ExecutionTime = 32.253381 s  ClockTime = 32 s

Time = 36s

smoothSolver:  Solving for Ux, Initial residual = 0.005918951599, Final residual = 0.0003355156725, No Iterations 3
smoothSolver:  Solving for Uy, Initial residual = 0.004840556945, Final residual = 0.0002750559679, No Iterations 3
smoothSolver:  Solving for Uz, Initial residual = 0.005678190148, Final residual = 0.00038651023, No Iterations 3
GAMG:  Solving for p, Initial residual = 0.02160629752, Final residual = 0.0001858771702, No Iterations 3
time step continuity errors : sum local = 6.508439846e-05, global = 2.164027952e-06, cumulative = -0.0005172814726
smoothSolver:  Solving for omega, Initial residual = 0.001123306827, Final residual = 5.90021017e-05, No Iterations 2
smoothSolver:  Solving for k, Initial residual = 0.0137140699, Final residual = 0.001059922511, No Iterations 2
bounding k, min: -0.01196487997 max: 0.6559929854 average: 0.2028969268
ExecutionTime = 33.059307 s  ClockTime = 33 s

Time = 37s

smoothSolver:  Solving for Ux, Initial residual = 0.005586364828, Final residual = 0.0003192031988, No Iterations 3
smoothSolver:  Solving for Uy, Initial residual = 0.004635336305, Final residual = 0.0002659236893, No Iterations 3
smoothSolver:  Solving for Uz, Initial residual = 0.005367423727, Final residual = 0.0003640381688, No Iterations 3
GAMG:  Solving for p, Initial residual = 0.02082483506, Final residual = 0.0001717644582, No Iterations 3
time step continuity errors : sum local = 5.993378659e-05, global = 1.81588278e-06, cumulative = -0.0005154655898
smoothSolver:  Solving for omega, Initial residual = 0.001105484878, Final residual = 5.806515854e-05, No Iterations 2
smoothSolver:  Solving for k, Initial residual = 0.01311408449, Final residual = 0.00101710403, No Iterations 2
bounding k, min: -0.02008914652 max: 0.6509886223 average: 0.2005779932
ExecutionTime = 33.950754 s  ClockTime = 34 s

Time = 38s

smoothSolver:  Solving for Ux, Initial residual = 0.005269898198, Final residual = 0.0003037583487, No Iterations 3
smoothSolver:  Solving for Uy, Initial residual = 0.004437431274, Final residual = 0.0002561758303, No Iterations 3
smoothSolver:  Solving for Uz, Initial residual = 0.00507391327, Final residual = 0.0003415511786, No Iterations 3
GAMG:  Solving for p, Initial residual = 0.02009114246, Final residual = 0.0001621192305, No Iterations 3
time step continuity errors : sum local = 5.63780054e-05, global = 2.860212615e-06, cumulative = -0.0005126053772
smoothSolver:  Solving for omega, Initial residual = 0.001089229542, Final residual = 5.596336262e-05, No Iterations 2
smoothSolver:  Solving for k, Initial residual = 0.01253007833, Final residual = 0.0009656867576, No Iterations 2
bounding k, min: -0.0118980133 max: 0.6506171081 average: 0.1983589089
ExecutionTime = 34.849994 s  ClockTime = 37 s

Time = 39s

smoothSolver:  Solving for Ux, Initial residual = 0.004971474507, Final residual = 0.0002886053089, No Iterations 3
smoothSolver:  Solving for Uy, Initial residual = 0.004251832237, Final residual = 0.0002456336086, No Iterations 3
smoothSolver:  Solving for Uz, Initial residual = 0.004819414917, Final residual = 0.0003218556488, No Iterations 3
GAMG:  Solving for p, Initial residual = 0.01936722396, Final residual = 0.0001523970397, No Iterations 3
time step continuity errors : sum local = 5.284667921e-05, global = 2.808667263e-06, cumulative = -0.0005097967099
smoothSolver:  Solving for omega, Initial residual = 0.001071429769, Final residual = 5.498732521e-05, No Iterations 2
smoothSolver:  Solving for k, Initial residual = 0.01197946183, Final residual = 0.0009234291331, No Iterations 2
bounding k, min: -0.01934867407 max: 0.6484446116 average: 0.1962446327
ExecutionTime = 36.080494 s  ClockTime = 39 s

Time = 40s

smoothSolver:  Solving for Ux, Initial residual = 0.004690523237, Final residual = 0.0002737038786, No Iterations 3
smoothSolver:  Solving for Uy, Initial residual = 0.00408313727, Final residual = 0.0002349807794, No Iterations 3
smoothSolver:  Solving for Uz, Initial residual = 0.004616785603, Final residual = 0.0003061800267, No Iterations 3
GAMG:  Solving for p, Initial residual = 0.01868553016, Final residual = 0.0001419771523, No Iterations 3
time step continuity errors : sum local = 4.91253146e-05, global = -9.083111386e-07, cumulative = -0.000510705021
smoothSolver:  Solving for omega, Initial residual = 0.001056603752, Final residual = 5.298729253e-05, No Iterations 2
smoothSolver:  Solving for k, Initial residual = 0.01142272348, Final residual = 0.0008771985312, No Iterations 2
bounding k, min: -0.01170298001 max: 0.643935532 average: 0.1942194173
ExecutionTime = 36.933017 s  ClockTime = 40 s

Time = 41s

smoothSolver:  Solving for Ux, Initial residual = 0.004428022275, Final residual = 0.0002593082611, No Iterations 3
smoothSolver:  Solving for Uy, Initial residual = 0.003933313355, Final residual = 0.00022492348, No Iterations 3
smoothSolver:  Solving for Uz, Initial residual = 0.004463751793, Final residual = 0.0002948470461, No Iterations 3
GAMG:  Solving for p, Initial residual = 0.01804738961, Final residual = 0.0001295153154, No Iterations 3
time step continuity errors : sum local = 4.473211221e-05, global = 1.117007462e-06, cumulative = -0.0005095880136
smoothSolver:  Solving for omega, Initial residual = 0.001040539411, Final residual = 5.226092728e-05, No Iterations 2
smoothSolver:  Solving for k, Initial residual = 0.01089586011, Final residual = 0.000835217666, No Iterations 2
bounding k, min: -0.01857449807 max: 0.63740087 average: 0.1922920959
ExecutionTime = 37.948197 s  ClockTime = 41 s

Time = 42s

smoothSolver:  Solving for Ux, Initial residual = 0.004193639738, Final residual = 0.0002453946553, No Iterations 3
smoothSolver:  Solving for Uy, Initial residual = 0.003797493029, Final residual = 0.0002158529437, No Iterations 3
smoothSolver:  Solving for Uz, Initial residual = 0.004350148142, Final residual = 0.0002869233427, No Iterations 3
GAMG:  Solving for p, Initial residual = 0.01745538531, Final residual = 0.0001189344364, No Iterations 3
time step continuity errors : sum local = 4.102612503e-05, global = 1.733084808e-06, cumulative = -0.0005078549288
smoothSolver:  Solving for omega, Initial residual = 0.0010242415, Final residual = 5.024455803e-05, No Iterations 2
smoothSolver:  Solving for k, Initial residual = 0.01038767546, Final residual = 0.0007968997572, No Iterations 2
bounding k, min: -0.01152635932 max: 0.6332042849 average: 0.1904508748
ExecutionTime = 38.733473 s  ClockTime = 42 s

Time = 43s

smoothSolver:  Solving for Ux, Initial residual = 0.003986480084, Final residual = 0.0002322042086, No Iterations 3
smoothSolver:  Solving for Uy, Initial residual = 0.003672385198, Final residual = 0.00020787895, No Iterations 3
smoothSolver:  Solving for Uz, Initial residual = 0.004257744127, Final residual = 0.0002809655531, No Iterations 3
GAMG:  Solving for p, Initial residual = 0.0168751689, Final residual = 0.0001130434562, No Iterations 3
time step continuity errors : sum local = 3.895620457e-05, global = 1.701904727e-06, cumulative = -0.0005061530241
smoothSolver:  Solving for omega, Initial residual = 0.001008819201, Final residual = 4.959059027e-05, No Iterations 2
smoothSolver:  Solving for k, Initial residual = 0.009905019717, Final residual = 0.0007514345091, No Iterations 2
bounding k, min: -0.01822392361 max: 0.6301219167 average: 0.1886991371
ExecutionTime = 39.727304 s  ClockTime = 43 s

Time = 44s

smoothSolver:  Solving for Ux, Initial residual = 0.003796603093, Final residual = 0.00021998346, No Iterations 3
smoothSolver:  Solving for Uy, Initial residual = 0.003553584635, Final residual = 0.0002010022038, No Iterations 3
smoothSolver:  Solving for Uz, Initial residual = 0.00416659315, Final residual = 0.0002755710876, No Iterations 3
GAMG:  Solving for p, Initial residual = 0.01631226418, Final residual = 0.0001130401819, No Iterations 3
time step continuity errors : sum local = 3.891998542e-05, global = 2.117800715e-06, cumulative = -0.0005040352233
smoothSolver:  Solving for omega, Initial residual = 0.0009949799197, Final residual = 4.755909241e-05, No Iterations 2
smoothSolver:  Solving for k, Initial residual = 0.009419121154, Final residual = 0.0007185998789, No Iterations 2
bounding k, min: -0.01135350832 max: 0.6271983378 average: 0.1870266397
ExecutionTime = 40.572761 s  ClockTime = 44 s

Time = 45s

smoothSolver:  Solving for Ux, Initial residual = 0.003615181816, Final residual = 0.000208807042, No Iterations 3
smoothSolver:  Solving for Uy, Initial residual = 0.003437583571, Final residual = 0.0001949603837, No Iterations 3
smoothSolver:  Solving for Uz, Initial residual = 0.004064427714, Final residual = 0.000269910638, No Iterations 3
GAMG:  Solving for p, Initial residual = 0.01576524743, Final residual = 0.0001175648166, No Iterations 3
time step continuity errors : sum local = 4.0431792e-05, global = 1.754603091e-06, cumulative = -0.0005022806202
smoothSolver:  Solving for omega, Initial residual = 0.0009791096051, Final residual = 4.711950164e-05, No Iterations 2
smoothSolver:  Solving for k, Initial residual = 0.008978397471, Final residual = 0.0006865262052, No Iterations 2
bounding k, min: -0.01788833526 max: 0.6241305311 average: 0.1854377723
ExecutionTime = 41.531271 s  ClockTime = 45 s

Time = 46s

smoothSolver:  Solving for Ux, Initial residual = 0.003441234104, Final residual = 0.0001985001384, No Iterations 3
smoothSolver:  Solving for Uy, Initial residual = 0.003323280353, Final residual = 0.0001895437074, No Iterations 3
smoothSolver:  Solving for Uz, Initial residual = 0.003946638175, Final residual = 0.0002632798862, No Iterations 3
GAMG:  Solving for p, Initial residual = 0.01523628041, Final residual = 0.0001178128172, No Iterations 3
time step continuity errors : sum local = 4.046042282e-05, global = -1.39660958e-06, cumulative = -0.0005036772298
smoothSolver:  Solving for omega, Initial residual = 0.0009650418247, Final residual = 4.510222348e-05, No Iterations 2
smoothSolver:  Solving for k, Initial residual = 0.008527746856, Final residual = 0.0006559601446, No Iterations 2
bounding k, min: -0.01120102334 max: 0.6208823757 average: 0.1839238595
ExecutionTime = 42.305671 s  ClockTime = 46 s

Time = 47s

smoothSolver:  Solving for Ux, Initial residual = 0.00327230829, Final residual = 0.0001888957637, No Iterations 3
smoothSolver:  Solving for Uy, Initial residual = 0.003211725454, Final residual = 0.0001843240016, No Iterations 3
smoothSolver:  Solving for Uz, Initial residual = 0.003814100394, Final residual = 0.0002556409712, No Iterations 3
GAMG:  Solving for p, Initial residual = 0.01472763672, Final residual = 0.0001137621152, No Iterations 3
time step continuity errors : sum local = 3.899906783e-05, global = -3.802366636e-06, cumulative = -0.0005074795965
smoothSolver:  Solving for omega, Initial residual = 0.0009510486033, Final residual = 4.456236148e-05, No Iterations 2
smoothSolver:  Solving for k, Initial residual = 0.008118647533, Final residual = 0.0006225617424, No Iterations 2
bounding k, min: -0.01370048625 max: 0.6174767409 average: 0.1824873627
ExecutionTime = 43.02767 s  ClockTime = 46 s

Time = 48s

smoothSolver:  Solving for Ux, Initial residual = 0.00310659916, Final residual = 0.0001799464381, No Iterations 3
smoothSolver:  Solving for Uy, Initial residual = 0.003101941076, Final residual = 0.0001790965215, No Iterations 3
smoothSolver:  Solving for Uz, Initial residual = 0.003671438269, Final residual = 0.0002469706435, No Iterations 3
GAMG:  Solving for p, Initial residual = 0.01424503292, Final residual = 0.0001095931196, No Iterations 3
time step continuity errors : sum local = 3.749410868e-05, global = -3.684091923e-06, cumulative = -0.0005111636884
smoothSolver:  Solving for omega, Initial residual = 0.0009381325777, Final residual = 4.276772606e-05, No Iterations 2
smoothSolver:  Solving for k, Initial residual = 0.007706945265, Final residual = 0.0005928044555, No Iterations 2
bounding k, min: -0.01101398057 max: 0.6140837069 average: 0.1811170578
ExecutionTime = 43.89112 s  ClockTime = 47 s

Time = 49s

smoothSolver:  Solving for Ux, Initial residual = 0.002948498445, Final residual = 0.0001716303236, No Iterations 3
smoothSolver:  Solving for Uy, Initial residual = 0.002995021859, Final residual = 0.0001736203776, No Iterations 3
smoothSolver:  Solving for Uz, Initial residual = 0.003523800672, Final residual = 0.0002376842622, No Iterations 3
GAMG:  Solving for p, Initial residual = 0.01377878683, Final residual = 0.000105353818, No Iterations 3
time step continuity errors : sum local = 3.596723123e-05, global = -3.128218732e-06, cumulative = -0.0005142919071
smoothSolver:  Solving for omega, Initial residual = 0.0009241241251, Final residual = 4.217278869e-05, No Iterations 2
smoothSolver:  Solving for k, Initial residual = 0.00734256291, Final residual = 0.0005607805475, No Iterations 2
bounding k, min: -0.01737671019 max: 0.6108991756 average: 0.179819883
ExecutionTime = 44.676795 s  ClockTime = 48 s

Time = 50s

smoothSolver:  Solving for Ux, Initial residual = 0.002800770788, Final residual = 0.0001638156266, No Iterations 3
smoothSolver:  Solving for Uy, Initial residual = 0.002891145946, Final residual = 0.0001679810206, No Iterations 3
smoothSolver:  Solving for Uz, Initial residual = 0.003378383715, Final residual = 0.0002280580984, No Iterations 3
GAMG:  Solving for p, Initial residual = 0.01333088387, Final residual = 0.0001006325592, No Iterations 3
time step continuity errors : sum local = 3.428638966e-05, global = -2.311276979e-06, cumulative = -0.0005166031841
smoothSolver:  Solving for omega, Initial residual = 0.0009129189355, Final residual = 4.05208133e-05, No Iterations 2
smoothSolver:  Solving for k, Initial residual = 0.006970804474, Final residual = 0.0005350307363, No Iterations 2
bounding k, min: -0.0108177403 max: 0.607779302 average: 0.1785843379
ExecutionTime = 45.391014 s  ClockTime = 49 s

Time = 51s

smoothSolver:  Solving for Ux, Initial residual = 0.002662669604, Final residual = 0.0001563696518, No Iterations 3
smoothSolver:  Solving for Uy, Initial residual = 0.002790678928, Final residual = 0.0001622029486, No Iterations 3
smoothSolver:  Solving for Uz, Initial residual = 0.003239667045, Final residual = 0.0002184362974, No Iterations 3
GAMG:  Solving for p, Initial residual = 0.01289414292, Final residual = 9.686756626e-05, No Iterations 3
time step continuity errors : sum local = 3.294034158e-05, global = -1.056167473e-06, cumulative = -0.0005176593516
smoothSolver:  Solving for omega, Initial residual = 0.0009001040321, Final residual = 4.011522347e-05, No Iterations 2
smoothSolver:  Solving for k, Initial residual = 0.006630365272, Final residual = 0.0005070647252, No Iterations 2
bounding k, min: -0.01395815721 max: 0.6046875551 average: 0.1774154603
ExecutionTime = 46.072055 s  ClockTime = 50 s

Time = 52s

smoothSolver:  Solving for Ux, Initial residual = 0.002535406634, Final residual = 0.0001492748025, No Iterations 3
smoothSolver:  Solving for Uy, Initial residual = 0.002694131531, Final residual = 0.0001564116614, No Iterations 3
smoothSolver:  Solving for Uz, Initial residual = 0.003110465499, Final residual = 0.0002089756798, No Iterations 3
GAMG:  Solving for p, Initial residual = 0.01247442409, Final residual = 9.414225263e-05, No Iterations 3
time step continuity errors : sum local = 3.195950435e-05, global = 1.511805767e-07, cumulative = -0.000517508171
smoothSolver:  Solving for omega, Initial residual = 0.0008892720358, Final residual = 3.850260192e-05, No Iterations 2
smoothSolver:  Solving for k, Initial residual = 0.006300492043, Final residual = 0.0004833214653, No Iterations 2
bounding k, min: -0.01066546996 max: 0.6013785611 average: 0.1763019617
ExecutionTime = 47.178077 s  ClockTime = 51 s

Time = 53s

smoothSolver:  Solving for Ux, Initial residual = 0.002415422816, Final residual = 0.0001426235931, No Iterations 3
smoothSolver:  Solving for Uy, Initial residual = 0.002601377389, Final residual = 0.0001508013693, No Iterations 3
smoothSolver:  Solving for Uz, Initial residual = 0.002989717751, Final residual = 0.0001998510317, No Iterations 3
GAMG:  Solving for p, Initial residual = 0.01207593096, Final residual = 9.098979865e-05, No Iterations 3
time step continuity errors : sum local = 3.08425264e-05, global = 8.044126176e-07, cumulative = -0.0005167037584
smoothSolver:  Solving for omega, Initial residual = 0.000876569902, Final residual = 3.809918749e-05, No Iterations 2
smoothSolver:  Solving for k, Initial residual = 0.005991104924, Final residual = 0.0004572038545, No Iterations 2
bounding k, min: -0.01722897196 max: 0.597810351 average: 0.1752513091
ExecutionTime = 48.005533 s  ClockTime = 52 s

Time = 54s

smoothSolver:  Solving for Ux, Initial residual = 0.002301863032, Final residual = 0.0001363406817, No Iterations 3
smoothSolver:  Solving for Uy, Initial residual = 0.002511913959, Final residual = 0.0001455409001, No Iterations 3
smoothSolver:  Solving for Uz, Initial residual = 0.002875048086, Final residual = 0.0001909575733, No Iterations 3
GAMG:  Solving for p, Initial residual = 0.01169333405, Final residual = 8.749751911e-05, No Iterations 3
time step continuity errors : sum local = 2.961655537e-05, global = 1.04429168e-06, cumulative = -0.0005156594667
smoothSolver:  Solving for omega, Initial residual = 0.0008662718759, Final residual = 3.663907922e-05, No Iterations 2
smoothSolver:  Solving for k, Initial residual = 0.005688558204, Final residual = 0.0004358164232, No Iterations 2
bounding k, min: -0.01019422444 max: 0.5936464757 average: 0.174249551
ExecutionTime = 49.000202 s  ClockTime = 53 s

Time = 55s

smoothSolver:  Solving for Ux, Initial residual = 0.002194499024, Final residual = 0.0001302945589, No Iterations 3
smoothSolver:  Solving for Uy, Initial residual = 0.00242563729, Final residual = 0.0001405684541, No Iterations 3
smoothSolver:  Solving for Uz, Initial residual = 0.0027638802, Final residual = 0.0001822308381, No Iterations 3
GAMG:  Solving for p, Initial residual = 0.01132573348, Final residual = 8.410038324e-05, No Iterations 3
time step continuity errors : sum local = 2.842984705e-05, global = 1.123263381e-06, cumulative = -0.0005145362033
smoothSolver:  Solving for omega, Initial residual = 0.0008546345292, Final residual = 3.617297893e-05, No Iterations 2
smoothSolver:  Solving for k, Initial residual = 0.005411039571, Final residual = 0.0004154407837, No Iterations 2
bounding k, min: -0.01374974525 max: 0.589001995 average: 0.1733046174
ExecutionTime = 49.740651 s  ClockTime = 53 s

Time = 56s

smoothSolver:  Solving for Ux, Initial residual = 0.002092179393, Final residual = 0.0001245846602, No Iterations 3
smoothSolver:  Solving for Uy, Initial residual = 0.002340798997, Final residual = 0.000135883701, No Iterations 3
smoothSolver:  Solving for Uz, Initial residual = 0.002654620819, Final residual = 0.0001736127399, No Iterations 3
GAMG:  Solving for p, Initial residual = 0.01097671804, Final residual = 8.097395924e-05, No Iterations 3
time step continuity errors : sum local = 2.734021571e-05, global = 1.128312178e-06, cumulative = -0.0005134078911
smoothSolver:  Solving for omega, Initial residual = 0.0008465400959, Final residual = 3.499135135e-05, No Iterations 2
smoothSolver:  Solving for k, Initial residual = 0.005138955756, Final residual = 0.0003959097304, No Iterations 2
bounding k, min: -0.01376148812 max: 0.5873354814 average: 0.1724059921
ExecutionTime = 50.4583 s  ClockTime = 54 s

Time = 57s

smoothSolver:  Solving for Ux, Initial residual = 0.001994530492, Final residual = 0.0001192511601, No Iterations 3
smoothSolver:  Solving for Uy, Initial residual = 0.002257587565, Final residual = 0.000131344386, No Iterations 3
smoothSolver:  Solving for Uz, Initial residual = 0.002545719502, Final residual = 0.0001650908204, No Iterations 3
GAMG:  Solving for p, Initial residual = 0.01062581962, Final residual = 7.798073897e-05, No Iterations 3
time step continuity errors : sum local = 2.629728004e-05, global = 1.066686436e-06, cumulative = -0.0005123412047
smoothSolver:  Solving for omega, Initial residual = 0.000836939135, Final residual = 3.460130936e-05, No Iterations 2
smoothSolver:  Solving for k, Initial residual = 0.004892549795, Final residual = 0.0003764847195, No Iterations 2
bounding k, min: -0.01701652326 max: 0.5921630971 average: 0.1715574792
ExecutionTime = 51.257979 s  ClockTime = 55 s

Time = 58s

smoothSolver:  Solving for Ux, Initial residual = 0.001902344338, Final residual = 0.0001141462383, No Iterations 3
smoothSolver:  Solving for Uy, Initial residual = 0.002174833498, Final residual = 0.0001269707883, No Iterations 3
smoothSolver:  Solving for Uz, Initial residual = 0.002437013825, Final residual = 0.0001565385265, No Iterations 3
GAMG:  Solving for p, Initial residual = 0.01027713828, Final residual = 7.501095158e-05, No Iterations 3
time step continuity errors : sum local = 2.526638359e-05, global = 9.198126957e-07, cumulative = -0.000511421392
smoothSolver:  Solving for omega, Initial residual = 0.0008278250601, Final residual = 3.348481688e-05, No Iterations 2
smoothSolver:  Solving for k, Initial residual = 0.004644250432, Final residual = 0.0003577569625, No Iterations 2
bounding k, min: -0.01606802453 max: 0.5887873454 average: 0.1707520523
ExecutionTime = 52.114836 s  ClockTime = 56 s

Time = 59s

smoothSolver:  Solving for Ux, Initial residual = 0.00181431365, Final residual = 0.0001092771174, No Iterations 3
smoothSolver:  Solving for Uy, Initial residual = 0.0020940106, Final residual = 0.000122668037, No Iterations 3
smoothSolver:  Solving for Uz, Initial residual = 0.002327438452, Final residual = 0.0001480845728, No Iterations 3
GAMG:  Solving for p, Initial residual = 0.009937994809, Final residual = 7.209225236e-05, No Iterations 3
time step continuity errors : sum local = 2.42557668e-05, global = 7.012012898e-07, cumulative = -0.0005107201907
smoothSolver:  Solving for omega, Initial residual = 0.0008184168988, Final residual = 3.305141427e-05, No Iterations 2
smoothSolver:  Solving for k, Initial residual = 0.004419056078, Final residual = 0.0003413982026, No Iterations 2
bounding k, min: -0.01585209238 max: 0.5805144085 average: 0.1699931952
ExecutionTime = 52.938247 s  ClockTime = 56 s

Time = 60s

smoothSolver:  Solving for Ux, Initial residual = 0.001730649774, Final residual = 0.0001046300517, No Iterations 3
smoothSolver:  Solving for Uy, Initial residual = 0.002014268105, Final residual = 0.0001183937469, No Iterations 3
smoothSolver:  Solving for Uz, Initial residual = 0.002218793124, Final residual = 0.0001397489824, No Iterations 3
GAMG:  Solving for p, Initial residual = 0.009600946858, Final residual = 6.916727525e-05, No Iterations 3
time step continuity errors : sum local = 2.324433598e-05, global = 4.555622692e-07, cumulative = -0.0005102646284
smoothSolver:  Solving for omega, Initial residual = 0.000810466092, Final residual = 3.207918849e-05, No Iterations 2
smoothSolver:  Solving for k, Initial residual = 0.004198144164, Final residual = 0.0003259496458, No Iterations 2
bounding k, min: -0.01574186754 max: 0.5730502567 average: 0.1692689097
ExecutionTime = 54.033015 s  ClockTime = 57 s

Time = 61s

smoothSolver:  Solving for Ux, Initial residual = 0.001650414638, Final residual = 0.0001001487243, No Iterations 3
smoothSolver:  Solving for Uy, Initial residual = 0.001936769023, Final residual = 0.0001141334862, No Iterations 3
smoothSolver:  Solving for Uz, Initial residual = 0.002110455558, Final residual = 0.000131639697, No Iterations 3
GAMG:  Solving for p, Initial residual = 0.009269584621, Final residual = 6.64210313e-05, No Iterations 3
time step continuity errors : sum local = 2.229613287e-05, global = 2.570238389e-07, cumulative = -0.0005100076046
smoothSolver:  Solving for omega, Initial residual = 0.0008011750792, Final residual = 3.166018517e-05, No Iterations 2
smoothSolver:  Solving for k, Initial residual = 0.003997618213, Final residual = 0.0003095676802, No Iterations 2
bounding k, min: -0.0170445038 max: 0.5629699315 average: 0.1685864166
ExecutionTime = 54.804842 s  ClockTime = 58 s

Time = 62s

smoothSolver:  Solving for Ux, Initial residual = 0.001573727391, Final residual = 9.580313691e-05, No Iterations 3
smoothSolver:  Solving for Uy, Initial residual = 0.001860535229, Final residual = 0.0001099072425, No Iterations 3
smoothSolver:  Solving for Uz, Initial residual = 0.002005089873, Final residual = 0.0001239022807, No Iterations 3
GAMG:  Solving for p, Initial residual = 0.008956298646, Final residual = 6.396343034e-05, No Iterations 3
time step continuity errors : sum local = 2.144810011e-05, global = 1.499991478e-07, cumulative = -0.0005098576055
smoothSolver:  Solving for omega, Initial residual = 0.0007945248697, Final residual = 3.068887931e-05, No Iterations 2
smoothSolver:  Solving for k, Initial residual = 0.003794838302, Final residual = 0.0002951412096, No Iterations 2
bounding k, min: -0.01540838034 max: 0.5471467486 average: 0.1679386827
ExecutionTime = 55.905087 s  ClockTime = 59 s

Time = 63s

smoothSolver:  Solving for Ux, Initial residual = 0.001500084971, Final residual = 9.162845812e-05, No Iterations 3
smoothSolver:  Solving for Uy, Initial residual = 0.001786474699, Final residual = 0.0001056469586, No Iterations 3
smoothSolver:  Solving for Uz, Initial residual = 0.00190236803, Final residual = 0.0001164722422, No Iterations 3
GAMG:  Solving for p, Initial residual = 0.008645390397, Final residual = 6.16549294e-05, No Iterations 3
time step continuity errors : sum local = 2.065119784e-05, global = 1.383713553e-07, cumulative = -0.0005097192341
smoothSolver:  Solving for omega, Initial residual = 0.0007860503618, Final residual = 3.041405717e-05, No Iterations 2
smoothSolver:  Solving for k, Initial residual = 0.003613238974, Final residual = 0.0002821261111, No Iterations 2
bounding k, min: -0.01508029865 max: 0.5296827611 average: 0.1673272398
ExecutionTime = 56.821361 s  ClockTime = 60 s

Time = 64s

smoothSolver:  Solving for Ux, Initial residual = 0.001429921533, Final residual = 8.762177653e-05, No Iterations 3
smoothSolver:  Solving for Uy, Initial residual = 0.001713347517, Final residual = 0.0001013982887, No Iterations 3
smoothSolver:  Solving for Uz, Initial residual = 0.001803465562, Final residual = 0.0001093101713, No Iterations 3
GAMG:  Solving for p, Initial residual = 0.008345320329, Final residual = 5.945189397e-05, No Iterations 3
time step continuity errors : sum local = 1.989333865e-05, global = 1.783708682e-07, cumulative = -0.0005095408632
smoothSolver:  Solving for omega, Initial residual = 0.0007784101281, Final residual = 2.944775899e-05, No Iterations 2
smoothSolver:  Solving for k, Initial residual = 0.003435870604, Final residual = 0.0002685245059, No Iterations 2
bounding k, min: -0.01501520876 max: 0.5157608562 average: 0.1667459711
ExecutionTime = 57.998899 s  ClockTime = 61 s

Time = 65s

smoothSolver:  Solving for Ux, Initial residual = 0.001362603511, Final residual = 8.376753919e-05, No Iterations 3
smoothSolver:  Solving for Uy, Initial residual = 0.001642043881, Final residual = 9.718655002e-05, No Iterations 3
smoothSolver:  Solving for Uz, Initial residual = 0.001708587333, Final residual = 0.000102478063, No Iterations 3
GAMG:  Solving for p, Initial residual = 0.00806414504, Final residual = 5.736728692e-05, No Iterations 3
time step continuity errors : sum local = 1.917813259e-05, global = 2.367466448e-07, cumulative = -0.0005093041166
smoothSolver:  Solving for omega, Initial residual = 0.000772129615, Final residual = 2.932071247e-05, No Iterations 2
smoothSolver:  Solving for k, Initial residual = 0.003271401676, Final residual = 0.0002563498483, No Iterations 2
bounding k, min: -0.01738788822 max: 0.5143757574 average: 0.1661990367
ExecutionTime = 58.814257 s  ClockTime = 62 s

Time = 66s

smoothSolver:  Solving for Ux, Initial residual = 0.001299048593, Final residual = 8.010662811e-05, No Iterations 3
smoothSolver:  Solving for Uy, Initial residual = 0.001572098286, Final residual = 9.297961831e-05, No Iterations 3
smoothSolver:  Solving for Uz, Initial residual = 0.001618721515, Final residual = 9.593627467e-05, No Iterations 3
GAMG:  Solving for p, Initial residual = 0.007786386063, Final residual = 5.528756094e-05, No Iterations 3
time step continuity errors : sum local = 1.846579941e-05, global = 2.855183704e-07, cumulative = -0.0005090185982
smoothSolver:  Solving for omega, Initial residual = 0.0007658560552, Final residual = 2.838280152e-05, No Iterations 2
smoothSolver:  Solving for k, Initial residual = 0.003113177274, Final residual = 0.0002439302705, No Iterations 2
bounding k, min: -0.01511867264 max: 0.5129712675 average: 0.1656768361
ExecutionTime = 59.601759 s  ClockTime = 62 s

Time = 67s

smoothSolver:  Solving for Ux, Initial residual = 0.001238024374, Final residual = 7.655876189e-05, No Iterations 3
smoothSolver:  Solving for Uy, Initial residual = 0.001504046969, Final residual = 8.880795203e-05, No Iterations 3
smoothSolver:  Solving for Uz, Initial residual = 0.001532299656, Final residual = 8.962580444e-05, No Iterations 3
GAMG:  Solving for p, Initial residual = 0.00751629629, Final residual = 5.329961745e-05, No Iterations 3
time step continuity errors : sum local = 1.778717599e-05, global = 3.157962758e-07, cumulative = -0.0005087028019
smoothSolver:  Solving for omega, Initial residual = 0.0007595797307, Final residual = 2.836207832e-05, No Iterations 2
smoothSolver:  Solving for k, Initial residual = 0.002965675896, Final residual = 0.000233375243, No Iterations 2
bounding k, min: -0.01846227352 max: 0.5114400351 average: 0.1651856106
ExecutionTime = 60.692042 s  ClockTime = 63 s

Time = 68s

smoothSolver:  Solving for Ux, Initial residual = 0.001179826584, Final residual = 7.316960008e-05, No Iterations 3
smoothSolver:  Solving for Uy, Initial residual = 0.001436928159, Final residual = 8.471544019e-05, No Iterations 3
smoothSolver:  Solving for Uz, Initial residual = 0.00145053317, Final residual = 8.361716396e-05, No Iterations 3
GAMG:  Solving for p, Initial residual = 0.007255501908, Final residual = 5.139136019e-05, No Iterations 3
time step continuity errors : sum local = 1.71379583e-05, global = 3.203397413e-07, cumulative = -0.0005083824622
smoothSolver:  Solving for omega, Initial residual = 0.0007545969011, Final residual = 2.756815702e-05, No Iterations 2
smoothSolver:  Solving for k, Initial residual = 0.002822352875, Final residual = 0.0002223594689, No Iterations 2
bounding k, min: -0.01575133231 max: 0.5099544096 average: 0.1647177367
ExecutionTime = 61.630464 s  ClockTime = 64 s

Time = 69s

smoothSolver:  Solving for Ux, Initial residual = 0.001124254678, Final residual = 6.989420254e-05, No Iterations 3
smoothSolver:  Solving for Uy, Initial residual = 0.001371344677, Final residual = 8.07138846e-05, No Iterations 3
smoothSolver:  Solving for Uz, Initial residual = 0.001372873165, Final residual = 7.7953848e-05, No Iterations 3
GAMG:  Solving for p, Initial residual = 0.006995314951, Final residual = 4.952485032e-05, No Iterations 3
time step continuity errors : sum local = 1.650392047e-05, global = 3.063488897e-07, cumulative = -0.0005080761133
smoothSolver:  Solving for omega, Initial residual = 0.0007490010292, Final residual = 2.747504298e-05, No Iterations 2
smoothSolver:  Solving for k, Initial residual = 0.002689321602, Final residual = 0.0002123259419, No Iterations 2
bounding k, min: -0.01881993317 max: 0.5086957829 average: 0.1642765275
ExecutionTime = 62.784791 s  ClockTime = 65 s

Time = 70s

smoothSolver:  Solving for Ux, Initial residual = 0.001071043352, Final residual = 6.673830904e-05, No Iterations 3
smoothSolver:  Solving for Uy, Initial residual = 0.001307116679, Final residual = 7.679254111e-05, No Iterations 3
smoothSolver:  Solving for Uz, Initial residual = 0.001299712762, Final residual = 7.265411466e-05, No Iterations 3
GAMG:  Solving for p, Initial residual = 0.006752218706, Final residual = 4.777295399e-05, No Iterations 3
time step continuity errors : sum local = 1.591053884e-05, global = 2.707643807e-07, cumulative = -0.0005078053489
smoothSolver:  Solving for omega, Initial residual = 0.0007449972385, Final residual = 2.669949657e-05, No Iterations 2
smoothSolver:  Solving for k, Initial residual = 0.002563726578, Final residual = 0.0002030141669, No Iterations 2
bounding k, min: -0.01659935219 max: 0.5074250529 average: 0.1638568206
ExecutionTime = 63.647693 s  ClockTime = 66 s

Time = 71s

smoothSolver:  Solving for Ux, Initial residual = 0.001020219643, Final residual = 6.372231888e-05, No Iterations 3
smoothSolver:  Solving for Uy, Initial residual = 0.001244736781, Final residual = 7.295228987e-05, No Iterations 3
smoothSolver:  Solving for Uz, Initial residual = 0.001230223386, Final residual = 6.778318642e-05, No Iterations 3
GAMG:  Solving for p, Initial residual = 0.006507097443, Final residual = 4.603656236e-05, No Iterations 3
time step continuity errors : sum local = 1.532234504e-05, global = 2.199542196e-07, cumulative = -0.0005075853947
smoothSolver:  Solving for omega, Initial residual = 0.0007394472494, Final residual = 2.679475981e-05, No Iterations 2
smoothSolver:  Solving for k, Initial residual = 0.002444668688, Final residual = 0.000193455736, No Iterations 2
bounding k, min: -0.01904528123 max: 0.50632105 average: 0.1634615731
ExecutionTime = 64.5202 s  ClockTime = 67 s

Time = 72s

smoothSolver:  Solving for Ux, Initial residual = 0.0009716471104, Final residual = 6.081691433e-05, No Iterations 3
smoothSolver:  Solving for Uy, Initial residual = 0.001183436948, Final residual = 6.917118513e-05, No Iterations 3
smoothSolver:  Solving for Uz, Initial residual = 0.0011648743, Final residual = 6.326574495e-05, No Iterations 3
GAMG:  Solving for p, Initial residual = 0.006269680075, Final residual = 4.441251023e-05, No Iterations 3
time step continuity errors : sum local = 1.477370297e-05, global = 1.519082648e-07, cumulative = -0.0005074334864
smoothSolver:  Solving for omega, Initial residual = 0.0007350769678, Final residual = 2.608957651e-05, No Iterations 2
smoothSolver:  Solving for k, Initial residual = 0.002329595117, Final residual = 0.000185422008, No Iterations 2
bounding k, min: -0.01741268997 max: 0.5051858824 average: 0.1630849129
ExecutionTime = 66.15204 s  ClockTime = 68 s

Time = 73s

smoothSolver:  Solving for Ux, Initial residual = 0.0009250066437, Final residual = 5.804153142e-05, No Iterations 3
smoothSolver:  Solving for Uy, Initial residual = 0.001124212691, Final residual = 6.553840931e-05, No Iterations 3
smoothSolver:  Solving for Uz, Initial residual = 0.001102495954, Final residual = 5.907938768e-05, No Iterations 3
GAMG:  Solving for p, Initial residual = 0.006049194563, Final residual = 4.296409693e-05, No Iterations 3
time step continuity errors : sum local = 1.428461835e-05, global = 7.657357796e-08, cumulative = -0.0005073569129
smoothSolver:  Solving for omega, Initial residual = 0.000730655279, Final residual = 2.613345971e-05, No Iterations 2
smoothSolver:  Solving for k, Initial residual = 0.002225140853, Final residual = 0.0001771606928, No Iterations 2
bounding k, min: -0.01927349555 max: 0.5041655907 average: 0.1627306388
ExecutionTime = 67.123891 s  ClockTime = 69 s

Time = 74s

smoothSolver:  Solving for Ux, Initial residual = 0.0008804024192, Final residual = 5.538303825e-05, No Iterations 3
smoothSolver:  Solving for Uy, Initial residual = 0.001066674932, Final residual = 6.199940678e-05, No Iterations 3
smoothSolver:  Solving for Uz, Initial residual = 0.00104329526, Final residual = 5.518700445e-05, No Iterations 3
GAMG:  Solving for p, Initial residual = 0.005828328661, Final residual = 4.153638584e-05, No Iterations 3
time step continuity errors : sum local = 1.38028631e-05, global = -3.577112924e-10, cumulative = -0.0005073572706
smoothSolver:  Solving for omega, Initial residual = 0.0007270197523, Final residual = 2.5505279e-05, No Iterations 2
smoothSolver:  Solving for k, Initial residual = 0.002124462459, Final residual = 0.0001700689495, No Iterations 2
bounding k, min: -0.01795768718 max: 0.5031190423 average: 0.1623926093
ExecutionTime = 68.416359 s  ClockTime = 71 s

Time = 75s

smoothSolver:  Solving for Ux, Initial residual = 0.0008379295141, Final residual = 5.281753066e-05, No Iterations 3
smoothSolver:  Solving for Uy, Initial residual = 0.00101198015, Final residual = 5.86084098e-05, No Iterations 3
smoothSolver:  Solving for Uz, Initial residual = 0.0009868897009, Final residual = 5.159410717e-05, No Iterations 3
GAMG:  Solving for p, Initial residual = 0.005621497778, Final residual = 4.031378337e-05, No Iterations 3
time step continuity errors : sum local = 1.339041027e-05, global = -6.815696171e-08, cumulative = -0.0005074254275
smoothSolver:  Solving for omega, Initial residual = 0.0007228494592, Final residual = 2.546490278e-05, No Iterations 2
smoothSolver:  Solving for k, Initial residual = 0.002029668878, Final residual = 0.0001619017271, No Iterations 2
bounding k, min: -0.01942225327 max: 0.5021816211 average: 0.1620751741
ExecutionTime = 69.301058 s  ClockTime = 72 s

Time = 76s

smoothSolver:  Solving for Ux, Initial residual = 0.0007969912483, Final residual = 5.039820734e-05, No Iterations 3
smoothSolver:  Solving for Uy, Initial residual = 0.0009597173735, Final residual = 5.534024125e-05, No Iterations 3
smoothSolver:  Solving for Uz, Initial residual = 0.0009338197196, Final residual = 4.832085157e-05, No Iterations 3
GAMG:  Solving for p, Initial residual = 0.005408449312, Final residual = 3.892166635e-05, No Iterations 3
time step continuity errors : sum local = 1.292149476e-05, global = -1.238792058e-07, cumulative = -0.0005075493067
smoothSolver:  Solving for omega, Initial residual = 0.0007183540517, Final residual = 2.491680859e-05, No Iterations 2
smoothSolver:  Solving for k, Initial residual = 0.001941251278, Final residual = 0.0001558961651, No Iterations 2
bounding k, min: -0.01824112918 max: 0.5012603204 average: 0.1617701063
ExecutionTime = 70.307565 s  ClockTime = 73 s

Time = 77s

smoothSolver:  Solving for Ux, Initial residual = 0.0007580101269, Final residual = 4.804019368e-05, No Iterations 3
smoothSolver:  Solving for Uy, Initial residual = 0.0009095337293, Final residual = 5.220856253e-05, No Iterations 3
smoothSolver:  Solving for Uz, Initial residual = 0.0008835109746, Final residual = 4.526886351e-05, No Iterations 3
GAMG:  Solving for p, Initial residual = 0.005205139379, Final residual = 3.755926075e-05, No Iterations 3
time step continuity errors : sum local = 1.246392177e-05, global = -1.603118046e-07, cumulative = -0.0005077096186
smoothSolver:  Solving for omega, Initial residual = 0.0007145904238, Final residual = 2.48881771e-05, No Iterations 2
smoothSolver:  Solving for k, Initial residual = 0.001857050603, Final residual = 0.0001493944624, No Iterations 2
bounding k, min: -0.01958139592 max: 0.5004346986 average: 0.1614835159
ExecutionTime = 71.163047 s  ClockTime = 74 s

Time = 78s

smoothSolver:  Solving for Ux, Initial residual = 0.000720499747, Final residual = 4.578683338e-05, No Iterations 3
smoothSolver:  Solving for Uy, Initial residual = 0.0008609207405, Final residual = 4.918599822e-05, No Iterations 3
smoothSolver:  Solving for Uz, Initial residual = 0.0008363037864, Final residual = 4.246229026e-05, No Iterations 3
GAMG:  Solving for p, Initial residual = 0.005012789933, Final residual = 3.62574345e-05, No Iterations 3
time step continuity errors : sum local = 1.202755617e-05, global = -1.919201534e-07, cumulative = -0.0005079015387
smoothSolver:  Solving for omega, Initial residual = 0.0007111343807, Final residual = 2.443142123e-05, No Iterations 2
smoothSolver:  Solving for k, Initial residual = 0.001776180377, Final residual = 0.0001433149088, No Iterations 2
bounding k, min: -0.01834259869 max: 0.4996446251 average: 0.1612092178
ExecutionTime = 72.280141 s  ClockTime = 75 s

Time = 79s

smoothSolver:  Solving for Ux, Initial residual = 0.0006847297152, Final residual = 4.363551514e-05, No Iterations 3
smoothSolver:  Solving for Uy, Initial residual = 0.0008142959527, Final residual = 4.630404049e-05, No Iterations 3
smoothSolver:  Solving for Uz, Initial residual = 0.0007917357591, Final residual = 3.981416889e-05, No Iterations 3
GAMG:  Solving for p, Initial residual = 0.004828860617, Final residual = 3.490710028e-05, No Iterations 3
time step continuity errors : sum local = 1.157559238e-05, global = -2.07541567e-07, cumulative = -0.0005081090803
smoothSolver:  Solving for omega, Initial residual = 0.0007075165999, Final residual = 2.440644314e-05, No Iterations 2
smoothSolver:  Solving for k, Initial residual = 0.001701552848, Final residual = 0.0001376245912, No Iterations 2
bounding k, min: -0.01972661927 max: 0.4989325857 average: 0.1609514603
ExecutionTime = 73.128553 s  ClockTime = 75 s

Time = 80s

smoothSolver:  Solving for Ux, Initial residual = 0.0006505497926, Final residual = 4.156219534e-05, No Iterations 3
smoothSolver:  Solving for Uy, Initial residual = 0.0007693362183, Final residual = 4.351357418e-05, No Iterations 3
smoothSolver:  Solving for Uz, Initial residual = 0.0007495129339, Final residual = 3.734514774e-05, No Iterations 3
GAMG:  Solving for p, Initial residual = 0.004646969201, Final residual = 3.35638624e-05, No Iterations 3
time step continuity errors : sum local = 1.112631376e-05, global = -2.144595503e-07, cumulative = -0.0005083235398
smoothSolver:  Solving for omega, Initial residual = 0.0007040567159, Final residual = 2.393231941e-05, No Iterations 2
smoothSolver:  Solving for k, Initial residual = 0.00163283351, Final residual = 0.0001321533544, No Iterations 2
bounding k, min: -0.01839017942 max: 0.4982508194 average: 0.1607039591
ExecutionTime = 73.920829 s  ClockTime = 76 s

Time = 81s

smoothSolver:  Solving for Ux, Initial residual = 0.0006182455943, Final residual = 3.956767259e-05, No Iterations 3
smoothSolver:  Solving for Uy, Initial residual = 0.0007262781243, Final residual = 4.088008434e-05, No Iterations 3
smoothSolver:  Solving for Uz, Initial residual = 0.0007093848329, Final residual = 3.501860719e-05, No Iterations 3
GAMG:  Solving for p, Initial residual = 0.004473635535, Final residual = 3.226104178e-05, No Iterations 3
time step continuity errors : sum local = 1.06911523e-05, global = -2.114858518e-07, cumulative = -0.0005085350257
smoothSolver:  Solving for omega, Initial residual = 0.0007008184087, Final residual = 2.389191292e-05, No Iterations 2
smoothSolver:  Solving for k, Initial residual = 0.001567055855, Final residual = 0.0001274660628, No Iterations 2
bounding k, min: -0.01985996952 max: 0.4976258537 average: 0.1604717074
ExecutionTime = 75.030115 s  ClockTime = 77 s

Time = 82s

smoothSolver:  Solving for Ux, Initial residual = 0.0005872181193, Final residual = 3.769555232e-05, No Iterations 3
smoothSolver:  Solving for Uy, Initial residual = 0.000684553196, Final residual = 3.834670961e-05, No Iterations 3
smoothSolver:  Solving for Uz, Initial residual = 0.0006714749008, Final residual = 3.285915859e-05, No Iterations 3
GAMG:  Solving for p, Initial residual = 0.004295471662, Final residual = 3.069332145e-05, No Iterations 3
time step continuity errors : sum local = 1.016853878e-05, global = -2.009180254e-07, cumulative = -0.0005087359437
smoothSolver:  Solving for omega, Initial residual = 0.0006968646738, Final residual = 2.347035785e-05, No Iterations 2
smoothSolver:  Solving for k, Initial residual = 0.001504804354, Final residual = 0.0001229443768, No Iterations 2
bounding k, min: -0.01842231328 max: 0.497037553 average: 0.160248416
ExecutionTime = 75.865649 s  ClockTime = 78 s

Time = 83s

smoothSolver:  Solving for Ux, Initial residual = 0.0005577209606, Final residual = 3.590235951e-05, No Iterations 3
smoothSolver:  Solving for Uy, Initial residual = 0.0006449086582, Final residual = 3.598296678e-05, No Iterations 3
smoothSolver:  Solving for Uz, Initial residual = 0.0006350868105, Final residual = 3.07921444e-05, No Iterations 3
GAMG:  Solving for p, Initial residual = 0.004119823176, Final residual = 2.90073629e-05, No Iterations 3
time step continuity errors : sum local = 9.607537965e-06, global = -1.813179934e-07, cumulative = -0.0005089172617
smoothSolver:  Solving for omega, Initial residual = 0.0006941665469, Final residual = 2.343644911e-05, No Iterations 2
smoothSolver:  Solving for k, Initial residual = 0.001447571897, Final residual = 0.0001185197032, No Iterations 2
bounding k, min: -0.01998423552 max: 0.4964973183 average: 0.1600392022
ExecutionTime = 77.008006 s  ClockTime = 79 s

Time = 84s

smoothSolver:  Solving for Ux, Initial residual = 0.0005294585693, Final residual = 3.417728437e-05, No Iterations 3
smoothSolver:  Solving for Uy, Initial residual = 0.0006066837087, Final residual = 3.373137778e-05, No Iterations 3
smoothSolver:  Solving for Uz, Initial residual = 0.0006008000922, Final residual = 2.886810771e-05, No Iterations 3
GAMG:  Solving for p, Initial residual = 0.003951378807, Final residual = 2.733590787e-05, No Iterations 3
time step continuity errors : sum local = 9.052026451e-06, global = -1.654569966e-07, cumulative = -0.0005090827187
smoothSolver:  Solving for omega, Initial residual = 0.000690838006, Final residual = 2.312141681e-05, No Iterations 2
smoothSolver:  Solving for k, Initial residual = 0.001391812251, Final residual = 0.0001143126163, No Iterations 2
bounding k, min: -0.01844423524 max: 0.4959942428 average: 0.1598377798
ExecutionTime = 77.856762 s  ClockTime = 80 s

Time = 85s

smoothSolver:  Solving for Ux, Initial residual = 0.0005027495351, Final residual = 3.255319919e-05, No Iterations 3
smoothSolver:  Solving for Uy, Initial residual = 0.0005708458684, Final residual = 3.163986484e-05, No Iterations 3
smoothSolver:  Solving for Uz, Initial residual = 0.0005683348037, Final residual = 2.710390089e-05, No Iterations 3
GAMG:  Solving for p, Initial residual = 0.003787066079, Final residual = 2.571817244e-05, No Iterations 3
time step continuity errors : sum local = 8.514278719e-06, global = -1.530661723e-07, cumulative = -0.0005092357849
smoothSolver:  Solving for omega, Initial residual = 0.0006874973916, Final residual = 2.296059436e-05, No Iterations 2
smoothSolver:  Solving for k, Initial residual = 0.001341195903, Final residual = 0.0001106647369, No Iterations 2
bounding k, min: -0.02010320006 max: 0.4955260799 average: 0.1596476755
ExecutionTime = 78.661393 s  ClockTime = 80 s

Time = 86s

smoothSolver:  Solving for Ux, Initial residual = 0.0004771926822, Final residual = 3.099233267e-05, No Iterations 3
smoothSolver:  Solving for Uy, Initial residual = 0.0005365308194, Final residual = 2.964252018e-05, No Iterations 3
smoothSolver:  Solving for Uz, Initial residual = 0.0005372977275, Final residual = 2.547038096e-05, No Iterations 3
GAMG:  Solving for p, Initial residual = 0.003628348614, Final residual = 2.430489818e-05, No Iterations 3
time step continuity errors : sum local = 8.044981747e-06, global = -1.480958369e-07, cumulative = -0.0005093838807
smoothSolver:  Solving for omega, Initial residual = 0.0006845794792, Final residual = 2.270676494e-05, No Iterations 2
smoothSolver:  Solving for k, Initial residual = 0.001291935435, Final residual = 0.0001069813234, No Iterations 2
bounding k, min: -0.01845663294 max: 0.4950939269 average: 0.1594649177
ExecutionTime = 79.659793 s  ClockTime = 81 s

Time = 87s

smoothSolver:  Solving for Ux, Initial residual = 0.0004529135301, Final residual = 2.949451127e-05, No Iterations 3
smoothSolver:  Solving for Uy, Initial residual = 0.0005045855127, Final residual = 2.779169014e-05, No Iterations 3
smoothSolver:  Solving for Uz, Initial residual = 0.000508246018, Final residual = 2.397207253e-05, No Iterations 3
GAMG:  Solving for p, Initial residual = 0.003483159719, Final residual = 2.310777533e-05, No Iterations 3
time step continuity errors : sum local = 7.647679973e-06, global = -1.468897939e-07, cumulative = -0.0005095307705
smoothSolver:  Solving for omega, Initial residual = 0.0006822971432, Final residual = 2.264062692e-05, No Iterations 2
smoothSolver:  Solving for k, Initial residual = 0.001247302608, Final residual = 0.0001036646667, No Iterations 2
bounding k, min: -0.02021399213 max: 0.4946843318 average: 0.1592938728
ExecutionTime = 80.885867 s  ClockTime = 82 s

Time = 88s

smoothSolver:  Solving for Ux, Initial residual = 0.0004300081813, Final residual = 2.809711308e-05, No Iterations 3
smoothSolver:  Solving for Uy, Initial residual = 0.0004741133684, Final residual = 2.60193466e-05, No Iterations 3
smoothSolver:  Solving for Uz, Initial residual = 0.0004812222684, Final residual = 2.26303856e-05, No Iterations 3
GAMG:  Solving for p, Initial residual = 0.0033378238, Final residual = 2.191782989e-05, No Iterations 3
time step continuity errors : sum local = 7.252485538e-06, global = -1.489379314e-07, cumulative = -0.0005096797084
smoothSolver:  Solving for omega, Initial residual = 0.0006787556636, Final residual = 2.230842223e-05, No Iterations 2
smoothSolver:  Solving for k, Initial residual = 0.001203311551, Final residual = 0.0001001694239, No Iterations 2
bounding k, min: -0.01846586019 max: 0.4943085703 average: 0.159127684
ExecutionTime = 81.791422 s  ClockTime = 83 s

Time = 89s

smoothSolver:  Solving for Ux, Initial residual = 0.0004083282791, Final residual = 2.673942284e-05, No Iterations 3
smoothSolver:  Solving for Uy, Initial residual = 0.0004457748908, Final residual = 2.437226765e-05, No Iterations 3
smoothSolver:  Solving for Uz, Initial residual = 0.0004557279808, Final residual = 2.134193527e-05, No Iterations 3
GAMG:  Solving for p, Initial residual = 0.003195453404, Final residual = 2.082301629e-05, No Iterations 3
time step continuity errors : sum local = 6.889208154e-06, global = -1.520730551e-07, cumulative = -0.0005098317815
smoothSolver:  Solving for omega, Initial residual = 0.0006766723349, Final residual = 2.226037544e-05, No Iterations 2
smoothSolver:  Solving for k, Initial residual = 0.00116412544, Final residual = 9.761038845e-05, No Iterations 2
bounding k, min: -0.0203162939 max: 0.4939399591 average: 0.15897209
ExecutionTime = 82.568631 s  ClockTime = 84 s

Time = 90s

smoothSolver:  Solving for Ux, Initial residual = 0.0003873547016, Final residual = 2.542786899e-05, No Iterations 3
smoothSolver:  Solving for Uy, Initial residual = 0.0004188398649, Final residual = 2.281971666e-05, No Iterations 3
smoothSolver:  Solving for Uz, Initial residual = 0.0004318254307, Final residual = 2.016275324e-05, No Iterations 3
GAMG:  Solving for p, Initial residual = 0.003061208655, Final residual = 1.981659777e-05, No Iterations 3
time step continuity errors : sum local = 6.555633653e-06, global = -1.589437623e-07, cumulative = -0.0005099907252
smoothSolver:  Solving for omega, Initial residual = 0.0006743706103, Final residual = 2.203854172e-05, No Iterations 2
smoothSolver:  Solving for k, Initial residual = 0.001125507598, Final residual = 9.437002815e-05, No Iterations 2
bounding k, min: -0.01847397494 max: 0.4936033464 average: 0.1588213743
ExecutionTime = 83.533094 s  ClockTime = 85 s

Time = 91s

smoothSolver:  Solving for Ux, Initial residual = 0.0003677941575, Final residual = 2.419424712e-05, No Iterations 3
smoothSolver:  Solving for Uy, Initial residual = 0.0003938846255, Final residual = 2.138565238e-05, No Iterations 3
smoothSolver:  Solving for Uz, Initial residual = 0.0004093866528, Final residual = 1.905978996e-05, No Iterations 3
GAMG:  Solving for p, Initial residual = 0.002928211987, Final residual = 1.877805292e-05, No Iterations 3
time step continuity errors : sum local = 6.211321627e-06, global = -1.66746335e-07, cumulative = -0.0005101574716
smoothSolver:  Solving for omega, Initial residual = 0.0006707683472, Final residual = 2.186326779e-05, No Iterations 2
smoothSolver:  Solving for k, Initial residual = 0.0010901905, Final residual = 9.18716705e-05, No Iterations 2
bounding k, min: -0.02040723583 max: 0.4932753636 average: 0.1586794564
ExecutionTime = 84.545953 s  ClockTime = 86 s

Time = 92s

smoothSolver:  Solving for Ux, Initial residual = 0.0003491017987, Final residual = 2.300300809e-05, No Iterations 3
smoothSolver:  Solving for Uy, Initial residual = 0.0003702702561, Final residual = 2.004189583e-05, No Iterations 3
smoothSolver:  Solving for Uz, Initial residual = 0.0003886080106, Final residual = 1.802494208e-05, No Iterations 3
GAMG:  Solving for p, Initial residual = 0.002806230883, Final residual = 1.785268272e-05, No Iterations 3
time step continuity errors : sum local = 5.904802247e-06, global = -1.774298972e-07, cumulative = -0.0005103349015
smoothSolver:  Solving for omega, Initial residual = 0.0006684107586, Final residual = 2.163850537e-05, No Iterations 2
smoothSolver:  Solving for k, Initial residual = 0.001055869346, Final residual = 8.926527907e-05, No Iterations 2
bounding k, min: -0.01848142346 max: 0.4929746463 average: 0.1585428171
ExecutionTime = 85.499421 s  ClockTime = 87 s

Time = 93s

smoothSolver:  Solving for Ux, Initial residual = 0.0003314317689, Final residual = 2.18881085e-05, No Iterations 3
smoothSolver:  Solving for Uy, Initial residual = 0.0003485706732, Final residual = 1.882640424e-05, No Iterations 3
smoothSolver:  Solving for Uz, Initial residual = 0.0003691202056, Final residual = 1.708459029e-05, No Iterations 3
GAMG:  Solving for p, Initial residual = 0.002683051646, Final residual = 1.689506278e-05, No Iterations 3
time step continuity errors : sum local = 5.587363563e-06, global = -1.867497654e-07, cumulative = -0.0005105216512
smoothSolver:  Solving for omega, Initial residual = 0.0006668838615, Final residual = 2.154459854e-05, No Iterations 2
smoothSolver:  Solving for k, Initial residual = 0.001025594234, Final residual = 8.717637515e-05, No Iterations 2
bounding k, min: -0.02048978492 max: 0.492639189 average: 0.15841348
ExecutionTime = 86.454943 s  ClockTime = 88 s

Time = 94s

smoothSolver:  Solving for Ux, Initial residual = 0.0003146695137, Final residual = 2.080314985e-05, No Iterations 3
smoothSolver:  Solving for Uy, Initial residual = 0.0003279600526, Final residual = 1.768728445e-05, No Iterations 3
smoothSolver:  Solving for Uz, Initial residual = 0.0003508082935, Final residual = 1.618993913e-05, No Iterations 3
GAMG:  Solving for p, Initial residual = 0.002564524506, Final residual = 1.605628578e-05, No Iterations 3
time step continuity errors : sum local = 5.309579059e-06, global = -1.960436454e-07, cumulative = -0.0005107176949
smoothSolver:  Solving for omega, Initial residual = 0.0006639054033, Final residual = 2.132799664e-05, No Iterations 2
smoothSolver:  Solving for k, Initial residual = 0.0009948617403, Final residual = 8.495908362e-05, No Iterations 2
bounding k, min: -0.01848952582 max: 0.4923527221 average: 0.1582875393
ExecutionTime = 87.259817 s  ClockTime = 88 s

Time = 95s

smoothSolver:  Solving for Ux, Initial residual = 0.0002986927436, Final residual = 1.975998465e-05, No Iterations 3
smoothSolver:  Solving for Uy, Initial residual = 0.0003089840354, Final residual = 1.666063629e-05, No Iterations 3
smoothSolver:  Solving for Uz, Initial residual = 0.0003336609732, Final residual = 1.53673637e-05, No Iterations 3
GAMG:  Solving for p, Initial residual = 0.002461412382, Final residual = 1.536916291e-05, No Iterations 3
time step continuity errors : sum local = 5.082153414e-06, global = -2.030314649e-07, cumulative = -0.0005109207264
smoothSolver:  Solving for omega, Initial residual = 0.0006620935418, Final residual = 2.128199427e-05, No Iterations 2
smoothSolver:  Solving for k, Initial residual = 0.000967748853, Final residual = 8.298125948e-05, No Iterations 2
bounding k, min: -0.02056258625 max: 0.4920334265 average: 0.1581706067
ExecutionTime = 88.097203 s  ClockTime = 89 s

Time = 96s

smoothSolver:  Solving for Ux, Initial residual = 0.0002837676537, Final residual = 1.880295245e-05, No Iterations 3
smoothSolver:  Solving for Uy, Initial residual = 0.0002911007702, Final residual = 1.572585397e-05, No Iterations 3
smoothSolver:  Solving for Uz, Initial residual = 0.000317779224, Final residual = 1.464877559e-05, No Iterations 3
GAMG:  Solving for p, Initial residual = 0.002351322312, Final residual = 1.453744203e-05, No Iterations 3
time step continuity errors : sum local = 4.80658763e-06, global = -2.08322705e-07, cumulative = -0.0005111290491
smoothSolver:  Solving for omega, Initial residual = 0.0006600086395, Final residual = 2.112532857e-05, No Iterations 2
smoothSolver:  Solving for k, Initial residual = 0.000939593076, Final residual = 8.089780658e-05, No Iterations 2
bounding k, min: -0.01849994421 max: 0.491780801 average: 0.1580552081
ExecutionTime = 89.252068 s  ClockTime = 90 s

Time = 97s

smoothSolver:  Solving for Ux, Initial residual = 0.0002695246684, Final residual = 1.784971443e-05, No Iterations 3
smoothSolver:  Solving for Uy, Initial residual = 0.0002748253902, Final residual = 1.490238669e-05, No Iterations 3
smoothSolver:  Solving for Uz, Initial residual = 0.0003027891912, Final residual = 1.391407997e-05, No Iterations 3
GAMG:  Solving for p, Initial residual = 0.002246290369, Final residual = 1.37944485e-05, No Iterations 3
time step continuity errors : sum local = 4.560615237e-06, global = -2.102030823e-07, cumulative = -0.0005113392521
smoothSolver:  Solving for omega, Initial residual = 0.0006578755501, Final residual = 2.090976948e-05, No Iterations 2
smoothSolver:  Solving for k, Initial residual = 0.0009157469194, Final residual = 7.934410957e-05, No Iterations 2
bounding k, min: -0.0206243613 max: 0.4914791681 average: 0.1579471177
ExecutionTime = 90.061975 s  ClockTime = 91 s

Time = 98s

smoothSolver:  Solving for Ux, Initial residual = 0.0002557117067, Final residual = 1.692983499e-05, No Iterations 3
smoothSolver:  Solving for Uy, Initial residual = 0.0002600459874, Final residual = 1.417056929e-05, No Iterations 3
smoothSolver:  Solving for Uz, Initial residual = 0.000288606785, Final residual = 1.324771259e-05, No Iterations 3
GAMG:  Solving for p, Initial residual = 0.002148599126, Final residual = 1.316720491e-05, No Iterations 3
time step continuity errors : sum local = 4.353111282e-06, global = -2.115862996e-07, cumulative = -0.0005115508384
smoothSolver:  Solving for omega, Initial residual = 0.000656125051, Final residual = 2.081326377e-05, No Iterations 2
smoothSolver:  Solving for k, Initial residual = 0.0008911195147, Final residual = 7.761520293e-05, No Iterations 2
bounding k, min: -0.01850487394 max: 0.4912388733 average: 0.1578422135
ExecutionTime = 91.174816 s  ClockTime = 92 s

Time = 99s

smoothSolver:  Solving for Ux, Initial residual = 0.0002428496391, Final residual = 1.607014233e-05, No Iterations 3
smoothSolver:  Solving for Uy, Initial residual = 0.0002465789022, Final residual = 1.351619937e-05, No Iterations 3
smoothSolver:  Solving for Uz, Initial residual = 0.0002754141583, Final residual = 1.261815669e-05, No Iterations 3
GAMG:  Solving for p, Initial residual = 0.002051961025, Final residual = 1.247915535e-05, No Iterations 3
time step continuity errors : sum local = 4.125361425e-06, global = -2.094944583e-07, cumulative = -0.0005117603329
smoothSolver:  Solving for omega, Initial residual = 0.0006544657944, Final residual = 2.076186332e-05, No Iterations 2
smoothSolver:  Solving for k, Initial residual = 0.0008700779823, Final residual = 7.607957908e-05, No Iterations 2
bounding k, min: -0.02067686036 max: 0.4909361788 average: 0.1577430532
ExecutionTime = 92.032197 s  ClockTime = 93 s

Time = 100s

smoothSolver:  Solving for Ux, Initial residual = 0.0002304469651, Final residual = 1.523106723e-05, No Iterations 3
smoothSolver:  Solving for Uy, Initial residual = 0.0002341152438, Final residual = 1.291506749e-05, No Iterations 3
smoothSolver:  Solving for Uz, Initial residual = 0.0002630879268, Final residual = 1.201990744e-05, No Iterations 3
GAMG:  Solving for p, Initial residual = 0.001962632684, Final residual = 1.189893699e-05, No Iterations 3
time step continuity errors : sum local = 3.933440386e-06, global = -2.073403066e-07, cumulative = -0.0005119676732
smoothSolver:  Solving for omega, Initial residual = 0.0006525393656, Final residual = 2.058210353e-05, No Iterations 2
smoothSolver:  Solving for k, Initial residual = 0.0008478645496, Final residual = 7.454612845e-05, No Iterations 2
bounding k, min: -0.01850599412 max: 0.4907107291 average: 0.1576463606
ExecutionTime = 93.549289 s  ClockTime = 97 s

Time = 101s

smoothSolver:  Solving for Ux, Initial residual = 0.0002186887298, Final residual = 1.444108701e-05, No Iterations 3
smoothSolver:  Solving for Uy, Initial residual = 0.0002226579135, Final residual = 1.236647332e-05, No Iterations 3
smoothSolver:  Solving for Uz, Initial residual = 0.0002512324532, Final residual = 1.14649068e-05, No Iterations 3
GAMG:  Solving for p, Initial residual = 0.001873918811, Final residual = 1.129656614e-05, No Iterations 3
time step continuity errors : sum local = 3.734090177e-06, global = -2.034849259e-07, cumulative = -0.0005121711581
smoothSolver:  Solving for omega, Initial residual = 0.0006510942101, Final residual = 2.048227891e-05, No Iterations 2
smoothSolver:  Solving for k, Initial residual = 0.0008287308435, Final residual = 7.334764358e-05, No Iterations 2
bounding k, min: -0.02072020735 max: 0.4904180833 average: 0.1575556855
ExecutionTime = 94.893947 s  ClockTime = 99 s

Time = 102s

smoothSolver:  Solving for Ux, Initial residual = 0.0002074280951, Final residual = 1.367331221e-05, No Iterations 3
smoothSolver:  Solving for Uy, Initial residual = 0.0002119782858, Final residual = 1.184928846e-05, No Iterations 3
smoothSolver:  Solving for Uz, Initial residual = 0.0002400766517, Final residual = 1.092381967e-05, No Iterations 3
GAMG:  Solving for p, Initial residual = 0.001793780588, Final residual = 1.083121926e-05, No Iterations 3
time step continuity errors : sum local = 3.580215138e-06, global = -2.017278426e-07, cumulative = -0.000512372886
smoothSolver:  Solving for omega, Initial residual = 0.0006501328828, Final residual = 2.049385326e-05, No Iterations 2
smoothSolver:  Solving for k, Initial residual = 0.0008089883271, Final residual = 7.187312563e-05, No Iterations 2
bounding k, min: -0.0185059935 max: 0.4902001741 average: 0.157467339
ExecutionTime = 95.794633 s  ClockTime = 100 s

Time = 103s

smoothSolver:  Solving for Ux, Initial residual = 0.0001968190266, Final residual = 1.295942644e-05, No Iterations 3
smoothSolver:  Solving for Uy, Initial residual = 0.0002022269386, Final residual = 1.135952056e-05, No Iterations 3
smoothSolver:  Solving for Uz, Initial residual = 0.0002293434751, Final residual = 1.043884149e-05, No Iterations 3
GAMG:  Solving for p, Initial residual = 0.001712435926, Final residual = 1.026711521e-05, No Iterations 3
time step continuity errors : sum local = 3.393508311e-06, global = -1.972701551e-07, cumulative = -0.0005125701561
smoothSolver:  Solving for omega, Initial residual = 0.0006485501216, Final residual = 2.033178677e-05, No Iterations 2
smoothSolver:  Solving for k, Initial residual = 0.000790987902, Final residual = 7.057992457e-05, No Iterations 2
bounding k, min: -0.02075347973 max: 0.4899037009 average: 0.1573834531
ExecutionTime = 96.783209 s  ClockTime = 101 s

Time = 104s

smoothSolver:  Solving for Ux, Initial residual = 0.000186616976, Final residual = 1.226088297e-05, No Iterations 3
smoothSolver:  Solving for Uy, Initial residual = 0.0001929942606, Final residual = 1.087324121e-05, No Iterations 3
smoothSolver:  Solving for Uz, Initial residual = 0.0002192720745, Final residual = 9.95037434e-06, No Iterations 3
GAMG:  Solving for p, Initial residual = 0.00163316245, Final residual = 9.783285863e-06, No Iterations 3
time step continuity errors : sum local = 3.233520353e-06, global = -1.928545614e-07, cumulative = -0.0005127630107
smoothSolver:  Solving for omega, Initial residual = 0.0006470707708, Final residual = 2.02016505e-05, No Iterations 2
smoothSolver:  Solving for k, Initial residual = 0.000772261207, Final residual = 6.926999547e-05, No Iterations 2
bounding k, min: -0.01850465177 max: 0.4896873297 average: 0.1573018971
ExecutionTime = 97.806938 s  ClockTime = 102 s

Time = 105s

smoothSolver:  Solving for Ux, Initial residual = 0.0001768185273, Final residual = 1.158434544e-05, No Iterations 3
smoothSolver:  Solving for Uy, Initial residual = 0.0001844593498, Final residual = 1.041916145e-05, No Iterations 3
smoothSolver:  Solving for Uz, Initial residual = 0.0002094148398, Final residual = 9.488891847e-06, No Iterations 3
GAMG:  Solving for p, Initial residual = 0.001566340109, Final residual = 9.515732488e-06, No Iterations 3
time step continuity errors : sum local = 3.14511678e-06, global = -1.918768917e-07, cumulative = -0.0005129548876
smoothSolver:  Solving for omega, Initial residual = 0.0006461395011, Final residual = 2.023168728e-05, No Iterations 2
smoothSolver:  Solving for k, Initial residual = 0.0007564691178, Final residual = 6.816876655e-05, No Iterations 2
bounding k, min: -0.02077808877 max: 0.4893823791 average: 0.1572262447
ExecutionTime = 98.624165 s  ClockTime = 102 s

Time = 106s

smoothSolver:  Solving for Ux, Initial residual = 0.0001676532515, Final residual = 1.097296985e-05, No Iterations 3
smoothSolver:  Solving for Uy, Initial residual = 0.0001761891337, Final residual = 9.95271099e-06, No Iterations 3
smoothSolver:  Solving for Uz, Initial residual = 0.0002004244801, Final residual = 9.095871191e-06, No Iterations 3
GAMG:  Solving for p, Initial residual = 0.001493629556, Final residual = 9.001019646e-06, No Iterations 3
time step continuity errors : sum local = 2.974807776e-06, global = -1.851913363e-07, cumulative = -0.0005131400789
smoothSolver:  Solving for omega, Initial residual = 0.0006447729049, Final residual = 2.002711093e-05, No Iterations 2
smoothSolver:  Solving for k, Initial residual = 0.0007402116101, Final residual = 6.694003437e-05, No Iterations 2
bounding k, min: -0.01850629351 max: 0.4891668447 average: 0.1571501797
ExecutionTime = 99.485215 s  ClockTime = 105 s

Time = 107s

smoothSolver:  Solving for Ux, Initial residual = 0.0001588084966, Final residual = 1.035813455e-05, No Iterations 3
smoothSolver:  Solving for Uy, Initial residual = 0.0001682579929, Final residual = 9.502017513e-06, No Iterations 3
smoothSolver:  Solving for Uz, Initial residual = 0.0001913326117, Final residual = 8.661769317e-06, No Iterations 3
GAMG:  Solving for p, Initial residual = 0.001423354925, Final residual = 8.564616496e-06, No Iterations 3
time step continuity errors : sum local = 2.830519212e-06, global = -1.752600847e-07, cumulative = -0.000513315339
smoothSolver:  Solving for omega, Initial residual = 0.0006433743219, Final residual = 1.99419606e-05, No Iterations 2
smoothSolver:  Solving for k, Initial residual = 0.0007253694364, Final residual = 6.578487117e-05, No Iterations 2
bounding k, min: -0.02079717731 max: 0.4888568076 average: 0.1570795551
ExecutionTime = 100.593821 s  ClockTime = 106 s

Time = 108s

smoothSolver:  Solving for Ux, Initial residual = 0.0001501695573, Final residual = 9.762480274e-06, No Iterations 3
smoothSolver:  Solving for Uy, Initial residual = 0.000160599177, Final residual = 9.054952001e-06, No Iterations 3
smoothSolver:  Solving for Uz, Initial residual = 0.000182796773, Final residual = 8.271290734e-06, No Iterations 3
GAMG:  Solving for p, Initial residual = 0.001360960917, Final residual = 8.241621207e-06, No Iterations 3
time step continuity errors : sum local = 2.723814252e-06, global = -1.69322117e-07, cumulative = -0.0005134846611
smoothSolver:  Solving for omega, Initial residual = 0.0006429449935, Final residual = 1.991427549e-05, No Iterations 2
smoothSolver:  Solving for k, Initial residual = 0.000710088585, Final residual = 6.460385011e-05, No Iterations 2
bounding k, min: -0.01851070284 max: 0.4886346202 average: 0.1570104585
ExecutionTime = 101.763207 s  ClockTime = 107 s

Time = 109s

smoothSolver:  Solving for Ux, Initial residual = 0.0001422175757, Final residual = 9.214998929e-06, No Iterations 3
smoothSolver:  Solving for Uy, Initial residual = 0.0001531825478, Final residual = 8.618686624e-06, No Iterations 3
smoothSolver:  Solving for Uz, Initial residual = 0.0001744022001, Final residual = 7.890199222e-06, No Iterations 3
GAMG:  Solving for p, Initial residual = 0.00129675994, Final residual = 7.828158029e-06, No Iterations 3
time step continuity errors : sum local = 2.587105929e-06, global = -1.584664724e-07, cumulative = -0.0005136431276
smoothSolver:  Solving for omega, Initial residual = 0.0006415662122, Final residual = 1.977371514e-05, No Iterations 2
smoothSolver:  Solving for k, Initial residual = 0.0006968815261, Final residual = 6.346874413e-05, No Iterations 2
bounding k, min: -0.02081101053 max: 0.4882999341 average: 0.1569449909
ExecutionTime = 102.878501 s  ClockTime = 109 s

Time = 110s

smoothSolver:  Solving for Ux, Initial residual = 0.0001345008339, Final residual = 8.678389986e-06, No Iterations 3
smoothSolver:  Solving for Uy, Initial residual = 0.0001459755551, Final residual = 8.184146761e-06, No Iterations 3
smoothSolver:  Solving for Uz, Initial residual = 0.000166661134, Final residual = 7.522543966e-06, No Iterations 3
GAMG:  Solving for p, Initial residual = 0.001239761932, Final residual = 7.514774466e-06, No Iterations 3
time step continuity errors : sum local = 2.483556459e-06, global = -1.505500729e-07, cumulative = -0.0005137936777
smoothSolver:  Solving for omega, Initial residual = 0.0006403689619, Final residual = 1.968891782e-05, No Iterations 2
smoothSolver:  Solving for k, Initial residual = 0.000682978097, Final residual = 6.263981637e-05, No Iterations 2
bounding k, min: -0.01851528572 max: 0.4880513397 average: 0.1568811719
ExecutionTime = 104.192722 s  ClockTime = 110 s

Time = 111s

smoothSolver:  Solving for Ux, Initial residual = 0.00012714889, Final residual = 8.179043196e-06, No Iterations 3
smoothSolver:  Solving for Uy, Initial residual = 0.0001390081058, Final residual = 7.763643599e-06, No Iterations 3
smoothSolver:  Solving for Uz, Initial residual = 0.0001587701293, Final residual = 7.165323923e-06, No Iterations 3
GAMG:  Solving for p, Initial residual = 0.001181621651, Final residual = 7.146834432e-06, No Iterations 3
time step continuity errors : sum local = 2.361935416e-06, global = -1.396143708e-07, cumulative = -0.000513933292
smoothSolver:  Solving for omega, Initial residual = 0.0006403607722, Final residual = 1.973585928e-05, No Iterations 2
smoothSolver:  Solving for k, Initial residual = 0.0006709239427, Final residual = 6.150786669e-05, No Iterations 2
bounding k, min: -0.02082208655 max: 0.4876869658 average: 0.1568212438
ExecutionTime = 105.21688 s  ClockTime = 111 s

Time = 112s

smoothSolver:  Solving for Ux, Initial residual = 0.0001201334574, Final residual = 7.695101674e-06, No Iterations 3
smoothSolver:  Solving for Uy, Initial residual = 0.0001322284272, Final residual = 7.346514777e-06, No Iterations 3
smoothSolver:  Solving for Uz, Initial residual = 0.0001515841399, Final residual = 6.824276082e-06, No Iterations 3
GAMG:  Solving for p, Initial residual = 0.001133589328, Final residual = 6.943379408e-06, No Iterations 3
time step continuity errors : sum local = 2.294760373e-06, global = -1.375703951e-07, cumulative = -0.0005140708624
smoothSolver:  Solving for omega, Initial residual = 0.0006390104045, Final residual = 1.957599496e-05, No Iterations 2
smoothSolver:  Solving for k, Initial residual = 0.0006569739651, Final residual = 6.058249201e-05, No Iterations 2
bounding k, min: -0.01852425644 max: 0.4874200026 average: 0.1567623925
ExecutionTime = 106.430881 s  ClockTime = 112 s

Time = 113s

smoothSolver:  Solving for Ux, Initial residual = 0.0001136847496, Final residual = 7.263630298e-06, No Iterations 3
smoothSolver:  Solving for Uy, Initial residual = 0.0001257995639, Final residual = 6.953876891e-06, No Iterations 3
smoothSolver:  Solving for Uz, Initial residual = 0.0001445400776, Final residual = 6.51256799e-06, No Iterations 3
GAMG:  Solving for p, Initial residual = 0.001081719741, Final residual = 6.574132596e-06, No Iterations 3
time step continuity errors : sum local = 2.172609272e-06, global = -1.259019787e-07, cumulative = -0.0005141967644
smoothSolver:  Solving for omega, Initial residual = 0.0006375865969, Final residual = 1.953168689e-05, No Iterations 2
smoothSolver:  Solving for k, Initial residual = 0.0006458002676, Final residual = 5.972890356e-05, No Iterations 2
bounding k, min: -0.02082959411 max: 0.4870414456 average: 0.1567073906
ExecutionTime = 107.39071 s  ClockTime = 113 s

Time = 114s

smoothSolver:  Solving for Ux, Initial residual = 0.000107492351, Final residual = 6.840698423e-06, No Iterations 3
smoothSolver:  Solving for Uy, Initial residual = 0.0001193498151, Final residual = 6.54880941e-06, No Iterations 3
smoothSolver:  Solving for Uz, Initial residual = 0.0001380194992, Final residual = 6.189551714e-06, No Iterations 3
GAMG:  Solving for p, Initial residual = 0.001029588599, Final residual = 6.211453574e-06, No Iterations 3
time step continuity errors : sum local = 2.052763146e-06, global = -1.125129288e-07, cumulative = -0.0005143092773
smoothSolver:  Solving for omega, Initial residual = 0.0006370092797, Final residual = 1.945436875e-05, No Iterations 2
smoothSolver:  Solving for k, Initial residual = 0.0006338204096, Final residual = 5.879680369e-05, No Iterations 2
bounding k, min: -0.0185363329 max: 0.4867760582 average: 0.1566525478
ExecutionTime = 108.207887 s  ClockTime = 114 s

Time = 115s

smoothSolver:  Solving for Ux, Initial residual = 0.0001014248225, Final residual = 6.426388443e-06, No Iterations 3
smoothSolver:  Solving for Uy, Initial residual = 0.0001132661079, Final residual = 6.181223215e-06, No Iterations 3
smoothSolver:  Solving for Uz, Initial residual = 0.0001313591024, Final residual = 5.882921078e-06, No Iterations 3
GAMG:  Solving for p, Initial residual = 0.0009842164939, Final residual = 5.973223086e-06, No Iterations 3
time step continuity errors : sum local = 1.974076207e-06, global = -1.072985095e-07, cumulative = -0.0005144165758
smoothSolver:  Solving for omega, Initial residual = 0.0006359190829, Final residual = 1.941357136e-05, No Iterations 2
smoothSolver:  Solving for k, Initial residual = 0.0006234217947, Final residual = 5.772848331e-05, No Iterations 2
bounding k, min: -0.02083491179 max: 0.4864017134 average: 0.1566020943
ExecutionTime = 109.335238 s  ClockTime = 115 s

Time = 116s

smoothSolver:  Solving for Ux, Initial residual = 9.584959735e-05, Final residual = 6.049450867e-06, No Iterations 3
smoothSolver:  Solving for Uy, Initial residual = 0.0001072118533, Final residual = 5.80555151e-06, No Iterations 3
smoothSolver:  Solving for Uz, Initial residual = 0.0001254037557, Final residual = 5.597674819e-06, No Iterations 3
GAMG:  Solving for p, Initial residual = 0.0009373627157, Final residual = 5.647712971e-06, No Iterations 3
time step continuity errors : sum local = 1.86649725e-06, global = -9.762606276e-08, cumulative = -0.0005145142019
smoothSolver:  Solving for omega, Initial residual = 0.0006354566751, Final residual = 1.93023233e-05, No Iterations 2
smoothSolver:  Solving for k, Initial residual = 0.0006115470561, Final residual = 5.701471411e-05, No Iterations 2
bounding k, min: -0.01854918913 max: 0.4861427756 average: 0.1565517959
ExecutionTime = 110.186765 s  ClockTime = 116 s

Time = 117s

smoothSolver:  Solving for Ux, Initial residual = 9.057059909e-05, Final residual = 5.685649987e-06, No Iterations 3
smoothSolver:  Solving for Uy, Initial residual = 0.0001014869189, Final residual = 5.460244625e-06, No Iterations 3
smoothSolver:  Solving for Uz, Initial residual = 0.0001192876295, Final residual = 5.301533337e-06, No Iterations 3
GAMG:  Solving for p, Initial residual = 0.0008963447902, Final residual = 5.428628351e-06, No Iterations 3
time step continuity errors : sum local = 1.794116653e-06, global = -9.397359672e-08, cumulative = -0.0005146081755
smoothSolver:  Solving for omega, Initial residual = 0.0006352092628, Final residual = 1.929962592e-05, No Iterations 2
smoothSolver:  Solving for k, Initial residual = 0.0006023083772, Final residual = 5.611378069e-05, No Iterations 2
bounding k, min: -0.02083835259 max: 0.4857720818 average: 0.156505513
ExecutionTime = 111.279559 s  ClockTime = 117 s

Time = 118s

smoothSolver:  Solving for Ux, Initial residual = 8.548005933e-05, Final residual = 5.351518496e-06, No Iterations 3
smoothSolver:  Solving for Uy, Initial residual = 9.593246631e-05, Final residual = 5.123043602e-06, No Iterations 3
smoothSolver:  Solving for Uz, Initial residual = 0.0001137129289, Final residual = 5.049869422e-06, No Iterations 3
GAMG:  Solving for p, Initial residual = 0.0008541603361, Final residual = 5.124820256e-06, No Iterations 3
time step continuity errors : sum local = 1.693710637e-06, global = -8.558073718e-08, cumulative = -0.0005146937562
smoothSolver:  Solving for omega, Initial residual = 0.0006339989889, Final residual = 1.9146457e-05, No Iterations 2
smoothSolver:  Solving for k, Initial residual = 0.0005914391344, Final residual = 5.54696365e-05, No Iterations 2
bounding k, min: -0.01856361854 max: 0.4855150912 average: 0.1564583519
ExecutionTime = 112.142619 s  ClockTime = 117 s

Time = 119s

smoothSolver:  Solving for Ux, Initial residual = 8.077982233e-05, Final residual = 5.034025172e-06, No Iterations 3
smoothSolver:  Solving for Uy, Initial residual = 9.068743005e-05, Final residual = 4.812451138e-06, No Iterations 3
smoothSolver:  Solving for Uz, Initial residual = 0.0001080680188, Final residual = 4.769506033e-06, No Iterations 3
GAMG:  Solving for p, Initial residual = 0.0008174946784, Final residual = 4.937244856e-06, No Iterations 3
time step continuity errors : sum local = 1.631748953e-06, global = -8.429186394e-08, cumulative = -0.0005147780481
smoothSolver:  Solving for omega, Initial residual = 0.0006329066655, Final residual = 1.918974216e-05, No Iterations 2
smoothSolver:  Solving for k, Initial residual = 0.0005826463966, Final residual = 5.448214447e-05, No Iterations 2
bounding k, min: -0.0209045757 max: 0.4851382764 average: 0.1564160948
ExecutionTime = 112.953033 s  ClockTime = 118 s

Time = 120s

smoothSolver:  Solving for Ux, Initial residual = 7.636671847e-05, Final residual = 4.74558094e-06, No Iterations 3
smoothSolver:  Solving for Uy, Initial residual = 8.568081253e-05, Final residual = 4.511629882e-06, No Iterations 3
smoothSolver:  Solving for Uz, Initial residual = 0.0001031399732, Final residual = 4.550875847e-06, No Iterations 3
GAMG:  Solving for p, Initial residual = 0.000779086901, Final residual = 4.64265741e-06, No Iterations 3
time step continuity errors : sum local = 1.534375407e-06, global = -7.645512754e-08, cumulative = -0.0005148545032
smoothSolver:  Solving for omega, Initial residual = 0.0006325416282, Final residual = 1.907492808e-05, No Iterations 2
smoothSolver:  Solving for k, Initial residual = 0.0005723000083, Final residual = 5.376010367e-05, No Iterations 2
bounding k, min: -0.01857912575 max: 0.4848759912 average: 0.1563727251
ExecutionTime = 114.046209 s  ClockTime = 119 s

Time = 121s

smoothSolver:  Solving for Ux, Initial residual = 7.219354429e-05, Final residual = 4.468831781e-06, No Iterations 3
smoothSolver:  Solving for Uy, Initial residual = 8.090511405e-05, Final residual = 4.231861218e-06, No Iterations 3
smoothSolver:  Solving for Uz, Initial residual = 9.796886902e-05, Final residual = 4.294740368e-06, No Iterations 3
GAMG:  Solving for p, Initial residual = 0.0007432973481, Final residual = 4.442906372e-06, No Iterations 3
time step continuity errors : sum local = 1.468379364e-06, global = -7.329305531e-08, cumulative = -0.0005149277963
smoothSolver:  Solving for omega, Initial residual = 0.0006313187505, Final residual = 1.901521715e-05, No Iterations 2
smoothSolver:  Solving for k, Initial residual = 0.0005644389518, Final residual = 5.297381778e-05, No Iterations 2
bounding k, min: -0.02082446298 max: 0.4844892994 average: 0.156333413
ExecutionTime = 114.87907 s  ClockTime = 120 s

Time = 122s

smoothSolver:  Solving for Ux, Initial residual = 6.826354721e-05, Final residual = 4.204739473e-06, No Iterations 3
smoothSolver:  Solving for Uy, Initial residual = 7.643972868e-05, Final residual = 3.968073589e-06, No Iterations 3
smoothSolver:  Solving for Uz, Initial residual = 9.344555245e-05, Final residual = 4.092150243e-06, No Iterations 3
GAMG:  Solving for p, Initial residual = 0.0007087590059, Final residual = 4.212198796e-06, No Iterations 3
time step continuity errors : sum local = 1.392151667e-06, global = -6.895243649e-08, cumulative = -0.0005149967487
smoothSolver:  Solving for omega, Initial residual = 0.0006310820741, Final residual = 1.893586227e-05, No Iterations 2
smoothSolver:  Solving for k, Initial residual = 0.0005547794325, Final residual = 5.222945282e-05, No Iterations 2
bounding k, min: -0.01859372058 max: 0.4842293965 average: 0.1562938508
ExecutionTime = 115.847158 s  ClockTime = 121 s

Time = 123s

smoothSolver:  Solving for Ux, Initial residual = 6.459004495e-05, Final residual = 3.963003052e-06, No Iterations 3
smoothSolver:  Solving for Uy, Initial residual = 7.21703568e-05, Final residual = 3.720901098e-06, No Iterations 3
smoothSolver:  Solving for Uz, Initial residual = 8.880243904e-05, Final residual = 3.869593572e-06, No Iterations 3
GAMG:  Solving for p, Initial residual = 0.000676951547, Final residual = 4.022974409e-06, No Iterations 3
time step continuity errors : sum local = 1.329629427e-06, global = -6.775623618e-08, cumulative = -0.000515064505
smoothSolver:  Solving for omega, Initial residual = 0.0006310896206, Final residual = 1.900330769e-05, No Iterations 2
smoothSolver:  Solving for k, Initial residual = 0.0005471355327, Final residual = 5.144191375e-05, No Iterations 2
bounding k, min: -0.02083546709 max: 0.4838504339 average: 0.1562578866
ExecutionTime = 116.828381 s  ClockTime = 122 s

Time = 124s

smoothSolver:  Solving for Ux, Initial residual = 6.11258525e-05, Final residual = 3.736986406e-06, No Iterations 3
smoothSolver:  Solving for Uy, Initial residual = 6.821337791e-05, Final residual = 3.492000221e-06, No Iterations 3
smoothSolver:  Solving for Uz, Initial residual = 8.466712584e-05, Final residual = 3.685801402e-06, No Iterations 3
GAMG:  Solving for p, Initial residual = 0.0006462662298, Final residual = 3.78931173e-06, No Iterations 3
time step continuity errors : sum local = 1.252401981e-06, global = -6.37617416e-08, cumulative = -0.0005151282667
smoothSolver:  Solving for omega, Initial residual = 0.0006301059185, Final residual = 1.881915515e-05, No Iterations 2
smoothSolver:  Solving for k, Initial residual = 0.0005376688564, Final residual = 5.072265506e-05, No Iterations 2
bounding k, min: -0.018607492 max: 0.4836023319 average: 0.1562205708
ExecutionTime = 117.871693 s  ClockTime = 123 s

Time = 125s

smoothSolver:  Solving for Ux, Initial residual = 5.795818596e-05, Final residual = 3.530999184e-06, No Iterations 3
smoothSolver:  Solving for Uy, Initial residual = 6.439326992e-05, Final residual = 3.275169978e-06, No Iterations 3
smoothSolver:  Solving for Uz, Initial residual = 8.03948813e-05, Final residual = 3.47545662e-06, No Iterations 3
GAMG:  Solving for p, Initial residual = 0.0006169405055, Final residual = 3.629016592e-06, No Iterations 3
time step continuity errors : sum local = 1.199440974e-06, global = -6.346065268e-08, cumulative = -0.0005151917274
smoothSolver:  Solving for omega, Initial residual = 0.0006290272482, Final residual = 1.883697761e-05, No Iterations 2
smoothSolver:  Solving for k, Initial residual = 0.0005306604423, Final residual = 5.009396322e-05, No Iterations 2
bounding k, min: -0.02084000255 max: 0.4832293306 average: 0.1561879664
ExecutionTime = 118.755001 s  ClockTime = 123 s

Time = 126s

smoothSolver:  Solving for Ux, Initial residual = 5.501824976e-05, Final residual = 3.338932465e-06, No Iterations 3
smoothSolver:  Solving for Uy, Initial residual = 6.091337577e-05, Final residual = 3.074241057e-06, No Iterations 3
smoothSolver:  Solving for Uz, Initial residual = 7.6767824e-05, Final residual = 3.316653166e-06, No Iterations 3
GAMG:  Solving for p, Initial residual = 0.0005874214147, Final residual = 3.414261566e-06, No Iterations 3
time step continuity errors : sum local = 1.128458361e-06, global = -5.938054496e-08, cumulative = -0.0005152511079
smoothSolver:  Solving for omega, Initial residual = 0.0006298461063, Final residual = 1.888558472e-05, No Iterations 2
smoothSolver:  Solving for k, Initial residual = 0.0005227709259, Final residual = 4.940776992e-05, No Iterations 2
bounding k, min: -0.01862085577 max: 0.4829879373 average: 0.1561539246
ExecutionTime = 119.662537 s  ClockTime = 124 s

Time = 127s

smoothSolver:  Solving for Ux, Initial residual = 5.213453949e-05, Final residual = 3.149965272e-06, No Iterations 3
smoothSolver:  Solving for Uy, Initial residual = 5.750160539e-05, Final residual = 2.884753949e-06, No Iterations 3
smoothSolver:  Solving for Uz, Initial residual = 7.285607015e-05, Final residual = 3.127673663e-06, No Iterations 3
GAMG:  Solving for p, Initial residual = 0.0005617433632, Final residual = 3.301668559e-06, No Iterations 3
time step continuity errors : sum local = 1.091271686e-06, global = -6.176688324e-08, cumulative = -0.0005153128748
smoothSolver:  Solving for omega, Initial residual = 0.0006292303987, Final residual = 1.886164088e-05, No Iterations 2
smoothSolver:  Solving for k, Initial residual = 0.000515887743, Final residual = 4.874854954e-05, No Iterations 2
bounding k, min: -0.02090216391 max: 0.4826210708 average: 0.156123459
ExecutionTime = 120.824734 s  ClockTime = 125 s

Time = 128s

smoothSolver:  Solving for Ux, Initial residual = 4.95277855e-05, Final residual = 2.982610274e-06, No Iterations 3
smoothSolver:  Solving for Uy, Initial residual = 5.444980639e-05, Final residual = 2.709561484e-06, No Iterations 3
smoothSolver:  Solving for Uz, Initial residual = 6.95209861e-05, Final residual = 2.983207901e-06, No Iterations 3
GAMG:  Solving for p, Initial residual = 0.0005359766036, Final residual = 3.097000662e-06, No Iterations 3
time step continuity errors : sum local = 1.0236131e-06, global = -5.839329176e-08, cumulative = -0.0005153712681
smoothSolver:  Solving for omega, Initial residual = 0.0006284029154, Final residual = 1.868673118e-05, No Iterations 2
smoothSolver:  Solving for k, Initial residual = 0.0005077966152, Final residual = 4.808566961e-05, No Iterations 2
bounding k, min: -0.01863317001 max: 0.482387653 average: 0.1560919488
ExecutionTime = 121.84913 s  ClockTime = 126 s

Time = 129s

smoothSolver:  Solving for Ux, Initial residual = 4.708264097e-05, Final residual = 2.824571623e-06, No Iterations 3
smoothSolver:  Solving for Uy, Initial residual = 5.151691571e-05, Final residual = 2.549165616e-06, No Iterations 3
smoothSolver:  Solving for Uz, Initial residual = 6.615910111e-05, Final residual = 2.820724617e-06, No Iterations 3
GAMG:  Solving for p, Initial residual = 0.0005094247408, Final residual = 2.933466506e-06, No Iterations 3
time step continuity errors : sum local = 9.69571214e-07, global = -5.431135742e-08, cumulative = -0.0005154255794
smoothSolver:  Solving for omega, Initial residual = 0.0006285099724, Final residual = 1.875933049e-05, No Iterations 2
smoothSolver:  Solving for k, Initial residual = 0.000502123038, Final residual = 4.764343091e-05, No Iterations 2
bounding k, min: -0.02082207432 max: 0.482030702 average: 0.1560641683
ExecutionTime = 123.572459 s  ClockTime = 128 s

Time = 130s

smoothSolver:  Solving for Ux, Initial residual = 4.468118438e-05, Final residual = 2.65951971e-06, No Iterations 3
smoothSolver:  Solving for Uy, Initial residual = 4.88721942e-05, Final residual = 2.398346536e-06, No Iterations 3
smoothSolver:  Solving for Uz, Initial residual = 6.307518759e-05, Final residual = 2.675441226e-06, No Iterations 3
GAMG:  Solving for p, Initial residual = 0.0004910281439, Final residual = 2.925056719e-06, No Iterations 3
time step continuity errors : sum local = 9.668366325e-07, global = -6.409387282e-08, cumulative = -0.0005154896733
smoothSolver:  Solving for omega, Initial residual = 0.0006280913595, Final residual = 1.863638435e-05, No Iterations 2
smoothSolver:  Solving for k, Initial residual = 0.0004946558015, Final residual = 4.696606888e-05, No Iterations 2
bounding k, min: -0.01864471182 max: 0.4818109936 average: 0.1560354618
ExecutionTime = 124.471211 s  ClockTime = 129 s

Time = 131s

smoothSolver:  Solving for Ux, Initial residual = 4.261587718e-05, Final residual = 2.539144556e-06, No Iterations 3
smoothSolver:  Solving for Uy, Initial residual = 4.643703327e-05, Final residual = 2.267595926e-06, No Iterations 3
smoothSolver:  Solving for Uz, Initial residual = 6.015722759e-05, Final residual = 2.556423518e-06, No Iterations 3
GAMG:  Solving for p, Initial residual = 0.0004682222088, Final residual = 2.744968204e-06, No Iterations 3
time step continuity errors : sum local = 9.072741542e-07, global = -6.052425004e-08, cumulative = -0.0005155501976
smoothSolver:  Solving for omega, Initial residual = 0.000627293432, Final residual = 1.86622797e-05, No Iterations 2
smoothSolver:  Solving for k, Initial residual = 0.0004891326028, Final residual = 4.643029966e-05, No Iterations 2
bounding k, min: -0.02083384769 max: 0.4814718654 average: 0.1560096236
ExecutionTime = 125.637503 s  ClockTime = 130 s

Time = 132s

smoothSolver:  Solving for Ux, Initial residual = 4.0659625e-05, Final residual = 2.410586708e-06, No Iterations 3
smoothSolver:  Solving for Uy, Initial residual = 4.408463813e-05, Final residual = 2.128377257e-06, No Iterations 3
smoothSolver:  Solving for Uz, Initial residual = 5.752552925e-05, Final residual = 2.431762456e-06, No Iterations 3
GAMG:  Solving for p, Initial residual = 0.000444172041, Final residual = 2.512915059e-06, No Iterations 3
time step continuity errors : sum local = 8.305849456e-07, global = -4.895412819e-08, cumulative = -0.0005155991517
smoothSolver:  Solving for omega, Initial residual = 0.000627450822, Final residual = 1.856479315e-05, No Iterations 2
smoothSolver:  Solving for k, Initial residual = 0.0004820847471, Final residual = 4.584012241e-05, No Iterations 2
bounding k, min: -0.01865514488 max: 0.4812702862 average: 0.1559828862
ExecutionTime = 126.42767 s  ClockTime = 130 s

Time = 133s

smoothSolver:  Solving for Ux, Initial residual = 3.861461226e-05, Final residual = 2.272284224e-06, No Iterations 3
smoothSolver:  Solving for Uy, Initial residual = 4.189974175e-05, Final residual = 2.016092999e-06, No Iterations 3
smoothSolver:  Solving for Uz, Initial residual = 5.47473426e-05, Final residual = 2.297661701e-06, No Iterations 3
GAMG:  Solving for p, Initial residual = 0.0004253316968, Final residual = 2.436057802e-06, No Iterations 3
time step continuity errors : sum local = 8.052009708e-07, global = -5.11275848e-08, cumulative = -0.0005156502793
smoothSolver:  Solving for omega, Initial residual = 0.000627012462, Final residual = 1.863452106e-05, No Iterations 2
smoothSolver:  Solving for k, Initial residual = 0.0004767575981, Final residual = 4.531347627e-05, No Iterations 2
bounding k, min: -0.02083602623 max: 0.4809508524 average: 0.1559595344
ExecutionTime = 127.267104 s  ClockTime = 131 s

Time = 134s

smoothSolver:  Solving for Ux, Initial residual = 3.686987508e-05, Final residual = 2.157521185e-06, No Iterations 3
smoothSolver:  Solving for Uy, Initial residual = 3.984167789e-05, Final residual = 1.895206803e-06, No Iterations 3
smoothSolver:  Solving for Uz, Initial residual = 5.230629181e-05, Final residual = 2.179347524e-06, No Iterations 3
GAMG:  Solving for p, Initial residual = 0.0004041532508, Final residual = 2.26938967e-06, No Iterations 3
time step continuity errors : sum local = 7.501175563e-07, global = -4.695723952e-08, cumulative = -0.0005156972365
smoothSolver:  Solving for omega, Initial residual = 0.0006267247174, Final residual = 1.84716308e-05, No Iterations 2
smoothSolver:  Solving for k, Initial residual = 0.0004705827908, Final residual = 4.484011405e-05, No Iterations 2
bounding k, min: -0.01866562937 max: 0.4807731912 average: 0.1559349022
ExecutionTime = 128.341741 s  ClockTime = 132 s

Time = 135s

smoothSolver:  Solving for Ux, Initial residual = 3.517231085e-05, Final residual = 2.039224761e-06, No Iterations 3
smoothSolver:  Solving for Uy, Initial residual = 3.791475695e-05, Final residual = 1.79345019e-06, No Iterations 3
smoothSolver:  Solving for Uz, Initial residual = 4.992647196e-05, Final residual = 2.064248303e-06, No Iterations 3
GAMG:  Solving for p, Initial residual = 0.0003883099035, Final residual = 2.223027065e-06, No Iterations 3
time step continuity errors : sum local = 7.348057004e-07, global = -5.089398115e-08, cumulative = -0.0005157481305
smoothSolver:  Solving for omega, Initial residual = 0.0006265604149, Final residual = 1.859780439e-05, No Iterations 2
smoothSolver:  Solving for k, Initial residual = 0.0004658620084, Final residual = 4.440094e-05, No Iterations 2
bounding k, min: -0.02090009615 max: 0.4804802802 average: 0.1559138739
ExecutionTime = 129.218355 s  ClockTime = 133 s

Time = 136s

smoothSolver:  Solving for Ux, Initial residual = 3.354822596e-05, Final residual = 1.940993763e-06, No Iterations 3
smoothSolver:  Solving for Uy, Initial residual = 3.617211161e-05, Final residual = 1.697224465e-06, No Iterations 3
smoothSolver:  Solving for Uz, Initial residual = 4.774345104e-05, Final residual = 1.975151814e-06, No Iterations 3
GAMG:  Solving for p, Initial residual = 0.0003699340282, Final residual = 2.056474382e-06, No Iterations 3
time step continuity errors : sum local = 6.797484455e-07, global = -4.71040448e-08, cumulative = -0.0005157952345
smoothSolver:  Solving for omega, Initial residual = 0.000626286668, Final residual = 1.834588482e-05, No Iterations 2
smoothSolver:  Solving for k, Initial residual = 0.0004596418391, Final residual = 4.384601277e-05, No Iterations 2
bounding k, min: -0.01867612427 max: 0.4803259556 average: 0.1558907667
ExecutionTime = 130.381891 s  ClockTime = 134 s

Time = 137s

smoothSolver:  Solving for Ux, Initial residual = 3.206048345e-05, Final residual = 1.84348527e-06, No Iterations 3
smoothSolver:  Solving for Uy, Initial residual = 3.448644981e-05, Final residual = 1.607337923e-06, No Iterations 3
smoothSolver:  Solving for Uz, Initial residual = 4.56333992e-05, Final residual = 1.866028746e-06, No Iterations 3
GAMG:  Solving for p, Initial residual = 0.0003524066625, Final residual = 1.957048785e-06, No Iterations 3
time step continuity errors : sum local = 6.468888462e-07, global = -4.41106039e-08, cumulative = -0.0005158393451
smoothSolver:  Solving for omega, Initial residual = 0.0006257606449, Final residual = 1.843455029e-05, No Iterations 2
smoothSolver:  Solving for k, Initial residual = 0.0004552563475, Final residual = 4.346797604e-05, No Iterations 2
bounding k, min: -0.02081778523 max: 0.4800535561 average: 0.1558715412
ExecutionTime = 131.202538 s  ClockTime = 135 s

Time = 138s

smoothSolver:  Solving for Ux, Initial residual = 3.059845813e-05, Final residual = 1.74164304e-06, No Iterations 3
smoothSolver:  Solving for Uy, Initial residual = 3.30191224e-05, Final residual = 1.525638989e-06, No Iterations 3
smoothSolver:  Solving for Uz, Initial residual = 4.380033531e-05, Final residual = 1.780773106e-06, No Iterations 3
GAMG:  Solving for p, Initial residual = 0.0003407284672, Final residual = 2.004545921e-06, No Iterations 3
time step continuity errors : sum local = 6.626137661e-07, global = -5.181026149e-08, cumulative = -0.0005158911554
smoothSolver:  Solving for omega, Initial residual = 0.0006261354636, Final residual = 1.84172589e-05, No Iterations 2
smoothSolver:  Solving for k, Initial residual = 0.0004498710887, Final residual = 4.294642694e-05, No Iterations 2
bounding k, min: -0.01868644702 max: 0.4799171257 average: 0.1558511695
ExecutionTime = 132.393108 s  ClockTime = 136 s

Time = 139s

smoothSolver:  Solving for Ux, Initial residual = 2.928258978e-05, Final residual = 1.670041077e-06, No Iterations 3
smoothSolver:  Solving for Uy, Initial residual = 3.164279791e-05, Final residual = 1.456062698e-06, No Iterations 3
smoothSolver:  Solving for Uz, Initial residual = 4.205241737e-05, Final residual = 1.717652314e-06, No Iterations 3
GAMG:  Solving for p, Initial residual = 0.0003250236195, Final residual = 1.904179437e-06, No Iterations 3
time step continuity errors : sum local = 6.29412649e-07, global = -5.010304708e-08, cumulative = -0.0005159412584
smoothSolver:  Solving for omega, Initial residual = 0.0006249538581, Final residual = 1.841989491e-05, No Iterations 2
smoothSolver:  Solving for k, Initial residual = 0.0004460329114, Final residual = 4.25072127e-05, No Iterations 2
bounding k, min: -0.02083025942 max: 0.4796680049 average: 0.1558326358
ExecutionTime = 133.289192 s  ClockTime = 139 s

Time = 140s

smoothSolver:  Solving for Ux, Initial residual = 2.811524147e-05, Final residual = 1.591320641e-06, No Iterations 3
smoothSolver:  Solving for Uy, Initial residual = 3.030283576e-05, Final residual = 1.376042815e-06, No Iterations 3
smoothSolver:  Solving for Uz, Initial residual = 4.041927068e-05, Final residual = 1.639267255e-06, No Iterations 3
GAMG:  Solving for p, Initial residual = 0.0003080548649, Final residual = 1.7109407e-06, No Iterations 3
time step continuity errors : sum local = 5.655447683e-07, global = -4.008934912e-08, cumulative = -0.0005159813478
smoothSolver:  Solving for omega, Initial residual = 0.0006248436997, Final residual = 1.829007904e-05, No Iterations 2
smoothSolver:  Solving for k, Initial residual = 0.0004403715127, Final residual = 4.206302292e-05, No Iterations 2
bounding k, min: -0.0186952323 max: 0.4795567101 average: 0.1558136057
ExecutionTime = 134.409015 s  ClockTime = 140 s

Time = 141s

smoothSolver:  Solving for Ux, Initial residual = 2.681040072e-05, Final residual = 1.502486595e-06, No Iterations 3
smoothSolver:  Solving for Uy, Initial residual = 2.906196159e-05, Final residual = 1.318741212e-06, No Iterations 3
smoothSolver:  Solving for Uz, Initial residual = 3.877815281e-05, Final residual = 1.560009327e-06, No Iterations 3
GAMG:  Solving for p, Initial residual = 0.0002963233642, Final residual = 1.704866845e-06, No Iterations 3
time step continuity errors : sum local = 5.635494839e-07, global = -4.338030824e-08, cumulative = -0.0005160247281
smoothSolver:  Solving for omega, Initial residual = 0.0006253835886, Final residual = 1.846991696e-05, No Iterations 2
smoothSolver:  Solving for k, Initial residual = 0.0004371741671, Final residual = 4.176385135e-05, No Iterations 2
bounding k, min: -0.02083203137 max: 0.4793343709 average: 0.1557979449
ExecutionTime = 135.174643 s  ClockTime = 141 s

Time = 142s

smoothSolver:  Solving for Ux, Initial residual = 2.573600946e-05, Final residual = 1.434135766e-06, No Iterations 3
smoothSolver:  Solving for Uy, Initial residual = 2.784350191e-05, Final residual = 1.245363318e-06, No Iterations 3
smoothSolver:  Solving for Uz, Initial residual = 3.727656423e-05, Final residual = 1.49032235e-06, No Iterations 3
GAMG:  Solving for p, Initial residual = 0.0002813795602, Final residual = 1.567310938e-06, No Iterations 3
time step continuity errors : sum local = 5.180797557e-07, global = -3.933721555e-08, cumulative = -0.0005160640653
smoothSolver:  Solving for omega, Initial residual = 0.0006250185166, Final residual = 1.826704735e-05, No Iterations 2
smoothSolver:  Solving for k, Initial residual = 0.0004320389461, Final residual = 4.134188124e-05, No Iterations 2
bounding k, min: -0.01870264104 max: 0.4792467957 average: 0.1557799515
ExecutionTime = 135.998949 s  ClockTime = 142 s

Time = 143s

smoothSolver:  Solving for Ux, Initial residual = 2.465669038e-05, Final residual = 1.357450215e-06, No Iterations 3
smoothSolver:  Solving for Uy, Initial residual = 2.667224709e-05, Final residual = 1.1881476e-06, No Iterations 3
smoothSolver:  Solving for Uz, Initial residual = 3.583020301e-05, Final residual = 1.421772837e-06, No Iterations 3
GAMG:  Solving for p, Initial residual = 0.0002690918362, Final residual = 1.508609962e-06, No Iterations 3
time step continuity errors : sum local = 4.986810006e-07, global = -3.811272858e-08, cumulative = -0.000516102178
smoothSolver:  Solving for omega, Initial residual = 0.0006241387819, Final residual = 1.833911611e-05, No Iterations 2
smoothSolver:  Solving for k, Initial residual = 0.0004289093304, Final residual = 4.1007554e-05, No Iterations 2
bounding k, min: -0.02089699752 max: 0.4790414671 average: 0.1557655328
ExecutionTime = 137.30172 s  ClockTime = 143 s

Time = 144s

smoothSolver:  Solving for Ux, Initial residual = 2.35610803e-05, Final residual = 1.288171828e-06, No Iterations 3
smoothSolver:  Solving for Uy, Initial residual = 2.562135349e-05, Final residual = 1.127850963e-06, No Iterations 3
smoothSolver:  Solving for Uz, Initial residual = 3.445860723e-05, Final residual = 1.353336827e-06, No Iterations 3
GAMG:  Solving for p, Initial residual = 0.0002581741347, Final residual = 1.467016909e-06, No Iterations 3
time step continuity errors : sum local = 4.8494332e-07, global = -3.909642803e-08, cumulative = -0.0005161412745
smoothSolver:  Solving for omega, Initial residual = 0.0006247210436, Final residual = 1.827434232e-05, No Iterations 2
smoothSolver:  Solving for k, Initial residual = 0.0004241783004, Final residual = 4.059801172e-05, No Iterations 2
bounding k, min: -0.01870909057 max: 0.4789604842 average: 0.1557493924
ExecutionTime = 138.343957 s  ClockTime = 144 s

Time = 145s

smoothSolver:  Solving for Ux, Initial residual = 2.25815822e-05, Final residual = 1.227576958e-06, No Iterations 3
smoothSolver:  Solving for Uy, Initial residual = 2.46534296e-05, Final residual = 1.084841942e-06, No Iterations 3
smoothSolver:  Solving for Uz, Initial residual = 3.323937691e-05, Final residual = 1.302681449e-06, No Iterations 3
GAMG:  Solving for p, Initial residual = 0.0002463325148, Final residual = 1.352769819e-06, No Iterations 3
time step continuity errors : sum local = 4.471715917e-07, global = -3.582858937e-08, cumulative = -0.0005161771031
smoothSolver:  Solving for omega, Initial residual = 0.0006241017361, Final residual = 1.830039525e-05, No Iterations 2
smoothSolver:  Solving for k, Initial residual = 0.0004213416612, Final residual = 4.029150304e-05, No Iterations 2
bounding k, min: -0.02081388858 max: 0.4787563103 average: 0.1557356836
ExecutionTime = 139.576699 s  ClockTime = 145 s

Time = 146s

smoothSolver:  Solving for Ux, Initial residual = 2.171821249e-05, Final residual = 1.169378601e-06, No Iterations 3
smoothSolver:  Solving for Uy, Initial residual = 2.373790642e-05, Final residual = 1.032267396e-06, No Iterations 3
smoothSolver:  Solving for Uz, Initial residual = 3.203799748e-05, Final residual = 1.236453986e-06, No Iterations 3
GAMG:  Solving for p, Initial residual = 0.0002364953102, Final residual = 1.324713799e-06, No Iterations 3
time step continuity errors : sum local = 4.379061356e-07, global = -3.65300726e-08, cumulative = -0.0005162136331
smoothSolver:  Solving for omega, Initial residual = 0.0006240450852, Final residual = 1.816725928e-05, No Iterations 2
smoothSolver:  Solving for k, Initial residual = 0.000416839607, Final residual = 3.991913497e-05, No Iterations 2
bounding k, min: -0.01871409275 max: 0.4786755966 average: 0.1557212176
ExecutionTime = 140.345913 s  ClockTime = 146 s

Time = 147s

smoothSolver:  Solving for Ux, Initial residual = 2.088345645e-05, Final residual = 1.117930188e-06, No Iterations 3
smoothSolver:  Solving for Uy, Initial residual = 2.284226212e-05, Final residual = 9.879461718e-07, No Iterations 3
smoothSolver:  Solving for Uz, Initial residual = 3.092911934e-05, Final residual = 1.192061847e-06, No Iterations 3
GAMG:  Solving for p, Initial residual = 0.0002245254719, Final residual = 1.223104358e-06, No Iterations 3
time step continuity errors : sum local = 4.043134054e-07, global = -3.27305871e-08, cumulative = -0.0005162463637
smoothSolver:  Solving for omega, Initial residual = 0.0006243090763, Final residual = 1.835901712e-05, No Iterations 2
smoothSolver:  Solving for k, Initial residual = 0.0004144471091, Final residual = 3.966917307e-05, No Iterations 2
bounding k, min: -0.02082798443 max: 0.4784790901 average: 0.1557091438
ExecutionTime = 141.217672 s  ClockTime = 147 s

Time = 148s

smoothSolver:  Solving for Ux, Initial residual = 2.000082717e-05, Final residual = 1.056511237e-06, No Iterations 3
smoothSolver:  Solving for Uy, Initial residual = 2.199433242e-05, Final residual = 9.38156559e-07, No Iterations 3
smoothSolver:  Solving for Uz, Initial residual = 2.973040706e-05, Final residual = 1.128648935e-06, No Iterations 3
GAMG:  Solving for p, Initial residual = 0.0002202107956, Final residual = 1.346192689e-06, No Iterations 3
time step continuity errors : sum local = 4.450196794e-07, global = -4.063976141e-08, cumulative = -0.0005162870035
smoothSolver:  Solving for omega, Initial residual = 0.0006240578827, Final residual = 1.814687141e-05, No Iterations 2
smoothSolver:  Solving for k, Initial residual = 0.0004100735497, Final residual = 3.925991786e-05, No Iterations 2
bounding k, min: -0.01871846746 max: 0.4784143635 average: 0.155695782
ExecutionTime = 142.321248 s  ClockTime = 148 s

Time = 149s

smoothSolver:  Solving for Ux, Initial residual = 1.936305529e-05, Final residual = 1.029934773e-06, No Iterations 3
smoothSolver:  Solving for Uy, Initial residual = 2.129912006e-05, Final residual = 9.084498612e-07, No Iterations 3
smoothSolver:  Solving for Uz, Initial residual = 2.887654209e-05, Final residual = 1.110791713e-06, No Iterations 3
GAMG:  Solving for p, Initial residual = 0.0002103322553, Final residual = 1.2992578e-06, No Iterations 3
time step continuity errors : sum local = 4.294841147e-07, global = -4.082306336e-08, cumulative = -0.0005163278266
smoothSolver:  Solving for omega, Initial residual = 0.0006234859648, Final residual = 1.82378199e-05, No Iterations 2
smoothSolver:  Solving for k, Initial residual = 0.000407925585, Final residual = 3.910211815e-05, No Iterations 2
bounding k, min: -0.02089284751 max: 0.4782407909 average: 0.155684758
ExecutionTime = 143.458626 s  ClockTime = 149 s

Time = 150s

smoothSolver:  Solving for Ux, Initial residual = 1.870249833e-05, Final residual = 9.844891522e-07, No Iterations 3
smoothSolver:  Solving for Uy, Initial residual = 2.057784591e-05, Final residual = 8.644812825e-07, No Iterations 3
smoothSolver:  Solving for Uz, Initial residual = 2.801496737e-05, Final residual = 1.062338994e-06, No Iterations 3
GAMG:  Solving for p, Initial residual = 0.0001985021762, Final residual = 1.102368156e-06, No Iterations 3
time step continuity errors : sum local = 3.644033179e-07, global = -3.168776545e-08, cumulative = -0.0005163595143
smoothSolver:  Solving for omega, Initial residual = 0.0006239828971, Final residual = 1.823332587e-05, No Iterations 2
smoothSolver:  Solving for k, Initial residual = 0.0004043965827, Final residual = 3.873917855e-05, No Iterations 2
bounding k, min: -0.01872277534 max: 0.4781972336 average: 0.1556720253
ExecutionTime = 144.22475 s  ClockTime = 150 s

Time = 151s

smoothSolver:  Solving for Ux, Initial residual = 1.78370098e-05, Final residual = 9.256761936e-07, No Iterations 3
smoothSolver:  Solving for Uy, Initial residual = 1.987406632e-05, Final residual = 8.35950486e-07, No Iterations 3
smoothSolver:  Solving for Uz, Initial residual = 2.704599136e-05, Final residual = 1.017512398e-06, No Iterations 3
GAMG:  Solving for p, Initial residual = 0.0001920472806, Final residual = 1.13383087e-06, No Iterations 3
time step continuity errors : sum local = 3.748132906e-07, global = -3.448188639e-08, cumulative = -0.0005163939962
smoothSolver:  Solving for omega, Initial residual = 0.0006233105994, Final residual = 1.830696625e-05, No Iterations 2
smoothSolver:  Solving for k, Initial residual = 0.0004023859841, Final residual = 3.849104229e-05, No Iterations 2
bounding k, min: -0.02081434355 max: 0.4780394803 average: 0.1556623486
ExecutionTime = 145.063679 s  ClockTime = 150 s

Time = 152s

smoothSolver:  Solving for Ux, Initial residual = 1.727159173e-05, Final residual = 8.882981442e-07, No Iterations 3
smoothSolver:  Solving for Uy, Initial residual = 1.919618157e-05, Final residual = 7.924529186e-07, No Iterations 3
smoothSolver:  Solving for Uz, Initial residual = 2.618770592e-05, Final residual = 9.70049693e-07, No Iterations 3
GAMG:  Solving for p, Initial residual = 0.0001828223005, Final residual = 1.026136142e-06, No Iterations 3
time step continuity errors : sum local = 3.39211158e-07, global = -3.121485125e-08, cumulative = -0.0005164252111
smoothSolver:  Solving for omega, Initial residual = 0.0006233416998, Final residual = 1.815797616e-05, No Iterations 2
smoothSolver:  Solving for k, Initial residual = 0.0003986473569, Final residual = 3.815892007e-05, No Iterations 2
bounding k, min: -0.01872672787 max: 0.478007716 average: 0.1556507698
ExecutionTime = 146.222871 s  ClockTime = 151 s

Time = 153s

smoothSolver:  Solving for Ux, Initial residual = 1.664667209e-05, Final residual = 8.422800429e-07, No Iterations 3
smoothSolver:  Solving for Uy, Initial residual = 1.85453426e-05, Final residual = 7.621020106e-07, No Iterations 3
smoothSolver:  Solving for Uz, Initial residual = 2.540492808e-05, Final residual = 9.343145782e-07, No Iterations 3
GAMG:  Solving for p, Initial residual = 0.0001748891253, Final residual = 9.787828276e-07, No Iterations 3
time step continuity errors : sum local = 3.235596304e-07, global = -2.94648568e-08, cumulative = -0.0005164546759
smoothSolver:  Solving for omega, Initial residual = 0.0006240032422, Final residual = 1.829542896e-05, No Iterations 2
smoothSolver:  Solving for k, Initial residual = 0.0003969611097, Final residual = 3.811728221e-05, No Iterations 2
bounding k, min: -0.02082350163 max: 0.4778594069 average: 0.1556422568
ExecutionTime = 147.139532 s  ClockTime = 152 s

Time = 154s

smoothSolver:  Solving for Ux, Initial residual = 1.596446123e-05, Final residual = 7.98530867e-07, No Iterations 3
smoothSolver:  Solving for Uy, Initial residual = 1.790919114e-05, Final residual = 7.244115341e-07, No Iterations 3
smoothSolver:  Solving for Uz, Initial residual = 2.449194409e-05, Final residual = 8.846497145e-07, No Iterations 3
GAMG:  Solving for p, Initial residual = 0.0001700207914, Final residual = 1.008933637e-06, No Iterations 3
time step continuity errors : sum local = 3.335367322e-07, global = -3.296054006e-08, cumulative = -0.0005164876365
smoothSolver:  Solving for omega, Initial residual = 0.0006238634279, Final residual = 1.815731339e-05, No Iterations 2
smoothSolver:  Solving for k, Initial residual = 0.0003936985883, Final residual = 3.773464676e-05, No Iterations 2
bounding k, min: -0.01873080036 max: 0.4778353233 average: 0.1556315977
ExecutionTime = 148.151972 s  ClockTime = 153 s

Time = 155s

smoothSolver:  Solving for Ux, Initial residual = 1.542406798e-05, Final residual = 7.674235095e-07, No Iterations 3
smoothSolver:  Solving for Uy, Initial residual = 1.740707509e-05, Final residual = 7.062254638e-07, No Iterations 3
smoothSolver:  Solving for Uz, Initial residual = 2.382343067e-05, Final residual = 8.636091404e-07, No Iterations 3
GAMG:  Solving for p, Initial residual = 0.00016261423, Final residual = 9.352215443e-07, No Iterations 3
time step continuity errors : sum local = 3.091599346e-07, global = -3.136601467e-08, cumulative = -0.0005165190025
smoothSolver:  Solving for omega, Initial residual = 0.0006225756233, Final residual = 1.825412791e-05, No Iterations 2
smoothSolver:  Solving for k, Initial residual = 0.0003920281612, Final residual = 3.761684842e-05, No Iterations 2
bounding k, min: -0.02089605664 max: 0.4776971708 average: 0.1556235674
ExecutionTime = 149.003564 s  ClockTime = 154 s

Time = 156s

smoothSolver:  Solving for Ux, Initial residual = 1.495341141e-05, Final residual = 7.372998228e-07, No Iterations 3
smoothSolver:  Solving for Uy, Initial residual = 1.6860157e-05, Final residual = 6.704936582e-07, No Iterations 3
smoothSolver:  Solving for Uz, Initial residual = 2.31078839e-05, Final residual = 2.299660565e-06, No Iterations 2
GAMG:  Solving for p, Initial residual = 0.0001539976123, Final residual = 8.25626402e-07, No Iterations 3
time step continuity errors : sum local = 2.729337086e-07, global = -2.606812555e-08, cumulative = -0.0005165450706
smoothSolver:  Solving for omega, Initial residual = 0.00062297819, Final residual = 1.809872468e-05, No Iterations 2
smoothSolver:  Solving for k, Initial residual = 0.0003889663823, Final residual = 3.728020342e-05, No Iterations 2
bounding k, min: -0.01873503601 max: 0.4776853082 average: 0.155613967
ExecutionTime = 149.828319 s  ClockTime = 155 s

Time = 157s

smoothSolver:  Solving for Ux, Initial residual = 1.438801175e-05, Final residual = 6.942866214e-07, No Iterations 3
smoothSolver:  Solving for Uy, Initial residual = 1.635572217e-05, Final residual = 6.487385014e-07, No Iterations 3
smoothSolver:  Solving for Uz, Initial residual = 2.253462878e-05, Final residual = 2.225131752e-06, No Iterations 2
GAMG:  Solving for p, Initial residual = 0.0001562600725, Final residual = 1.035521528e-06, No Iterations 3
time step continuity errors : sum local = 3.423352006e-07, global = -3.641734257e-08, cumulative = -0.0005165814879
smoothSolver:  Solving for omega, Initial residual = 0.0006221216435, Final residual = 1.820008268e-05, No Iterations 2
smoothSolver:  Solving for k, Initial residual = 0.0003876893612, Final residual = 3.719345663e-05, No Iterations 2
bounding k, min: -0.0208113249 max: 0.4775651913 average: 0.155607454
ExecutionTime = 150.59808 s  ClockTime = 155 s

Time = 158s

smoothSolver:  Solving for Ux, Initial residual = 1.414748048e-05, Final residual = 6.982367624e-07, No Iterations 3
smoothSolver:  Solving for Uy, Initial residual = 1.603703304e-05, Final residual = 6.315559542e-07, No Iterations 3
smoothSolver:  Solving for Uz, Initial residual = 2.219880209e-05, Final residual = 8.067347419e-07, No Iterations 3
GAMG:  Solving for p, Initial residual = 0.0001472274708, Final residual = 9.619922394e-07, No Iterations 3
time step continuity errors : sum local = 3.180113445e-07, global = -3.606361224e-08, cumulative = -0.0005166175515
smoothSolver:  Solving for omega, Initial residual = 0.0006226683926, Final residual = 1.809204431e-05, No Iterations 2
smoothSolver:  Solving for k, Initial residual = 0.0003851200065, Final residual = 3.690536166e-05, No Iterations 2
bounding k, min: -0.0187399215 max: 0.4775804221 average: 0.1555983776
ExecutionTime = 151.971931 s  ClockTime = 157 s

Time = 159s

smoothSolver:  Solving for Ux, Initial residual = 1.370777373e-05, Final residual = 6.60775807e-07, No Iterations 3
smoothSolver:  Solving for Uy, Initial residual = 1.548501528e-05, Final residual = 5.991007756e-07, No Iterations 3
smoothSolver:  Solving for Uz, Initial residual = 2.158307739e-05, Final residual = 2.143151264e-06, No Iterations 2
GAMG:  Solving for p, Initial residual = 0.0001385795992, Final residual = 7.720205928e-07, No Iterations 3
time step continuity errors : sum local = 2.552103109e-07, global = -2.641715398e-08, cumulative = -0.0005166439687
smoothSolver:  Solving for omega, Initial residual = 0.0006230263627, Final residual = 1.828489823e-05, No Iterations 2
smoothSolver:  Solving for k, Initial residual = 0.0003840135143, Final residual = 3.689684577e-05, No Iterations 2
bounding k, min: -0.02082657324 max: 0.477489632 average: 0.1555919659
ExecutionTime = 153.70063 s  ClockTime = 158 s

Time = 160s

smoothSolver:  Solving for Ux, Initial residual = 1.306614463e-05, Final residual = 6.16292949e-07, No Iterations 3
smoothSolver:  Solving for Uy, Initial residual = 1.509834317e-05, Final residual = 5.828571088e-07, No Iterations 3
smoothSolver:  Solving for Uz, Initial residual = 2.101385482e-05, Final residual = 2.08719289e-06, No Iterations 2
GAMG:  Solving for p, Initial residual = 0.0001344327465, Final residual = 7.828553549e-07, No Iterations 3
time step continuity errors : sum local = 2.587997056e-07, global = -2.784726889e-08, cumulative = -0.000516671816
smoothSolver:  Solving for omega, Initial residual = 0.0006229823991, Final residual = 1.807764166e-05, No Iterations 2
smoothSolver:  Solving for k, Initial residual = 0.0003810317392, Final residual = 3.650857544e-05, No Iterations 2
bounding k, min: -0.01874440806 max: 0.4775245291 average: 0.1555837389
ExecutionTime = 154.521367 s  ClockTime = 159 s

Time = 161s

smoothSolver:  Solving for Ux, Initial residual = 1.27266766e-05, Final residual = 5.899452681e-07, No Iterations 3
smoothSolver:  Solving for Uy, Initial residual = 1.464383374e-05, Final residual = 5.558468936e-07, No Iterations 3
smoothSolver:  Solving for Uz, Initial residual = 2.048995209e-05, Final residual = 1.996938528e-06, No Iterations 2
GAMG:  Solving for p, Initial residual = 0.0001277021947, Final residual = 6.964039411e-07, No Iterations 3
time step continuity errors : sum local = 2.302199422e-07, global = -2.364589322e-08, cumulative = -0.0005166954619
smoothSolver:  Solving for omega, Initial residual = 0.0006222453793, Final residual = 1.81768792e-05, No Iterations 2
smoothSolver:  Solving for k, Initial residual = 0.0003799855418, Final residual = 3.651112507e-05, No Iterations 2
bounding k, min: -0.02089433965 max: 0.4774499203 average: 0.1555780288
ExecutionTime = 155.313506 s  ClockTime = 160 s

Time = 162s

smoothSolver:  Solving for Ux, Initial residual = 1.232352838e-05, Final residual = 5.59617704e-07, No Iterations 3
smoothSolver:  Solving for Uy, Initial residual = 1.427201837e-05, Final residual = 5.342159463e-07, No Iterations 3
smoothSolver:  Solving for Uz, Initial residual = 2.008264583e-05, Final residual = 1.961504544e-06, No Iterations 2
GAMG:  Solving for p, Initial residual = 0.0001259054199, Final residual = 7.515203472e-07, No Iterations 3
time step continuity errors : sum local = 2.484465575e-07, global = -2.830061063e-08, cumulative = -0.0005167237625
smoothSolver:  Solving for omega, Initial residual = 0.0006226024221, Final residual = 1.809334953e-05, No Iterations 2
smoothSolver:  Solving for k, Initial residual = 0.0003776971935, Final residual = 3.622894044e-05, No Iterations 2
bounding k, min: -0.0187494726 max: 0.4774944709 average: 0.1555707171
ExecutionTime = 156.518585 s  ClockTime = 161 s

Time = 163s

smoothSolver:  Solving for Ux, Initial residual = 1.192649923e-05, Final residual = 5.43520459e-07, No Iterations 3
smoothSolver:  Solving for Uy, Initial residual = 1.386693598e-05, Final residual = 5.184937076e-07, No Iterations 3
smoothSolver:  Solving for Uz, Initial residual = 1.955938305e-05, Final residual = 1.912392561e-06, No Iterations 2
GAMG:  Solving for p, Initial residual = 0.0001197607438, Final residual = 6.779953126e-07, No Iterations 3
time step continuity errors : sum local = 2.24134205e-07, global = -2.610980228e-08, cumulative = -0.0005167498723
smoothSolver:  Solving for omega, Initial residual = 0.0006219299084, Final residual = 1.817376651e-05, No Iterations 2
smoothSolver:  Solving for k, Initial residual = 0.0003767111868, Final residual = 3.614302316e-05, No Iterations 2
bounding k, min: -0.020814139 max: 0.4774223419 average: 0.1555652073
ExecutionTime = 157.909671 s  ClockTime = 162 s

Time = 164s

smoothSolver:  Solving for Ux, Initial residual = 1.160573661e-05, Final residual = 5.191029503e-07, No Iterations 3
smoothSolver:  Solving for Uy, Initial residual = 1.353992549e-05, Final residual = 4.958516278e-07, No Iterations 3
smoothSolver:  Solving for Uz, Initial residual = 1.911035344e-05, Final residual = 1.840171384e-06, No Iterations 2
GAMG:  Solving for p, Initial residual = 0.0001142713958, Final residual = 5.988566165e-07, No Iterations 3
time step continuity errors : sum local = 1.979745414e-07, global = -2.214514998e-08, cumulative = -0.0005167720174
smoothSolver:  Solving for omega, Initial residual = 0.0006222925561, Final residual = 1.803667041e-05, No Iterations 2
smoothSolver:  Solving for k, Initial residual = 0.0003740550043, Final residual = 3.586851425e-05, No Iterations 2
bounding k, min: -0.01875411127 max: 0.4774629475 average: 0.1555585226
ExecutionTime = 158.695526 s  ClockTime = 163 s

Time = 165s

smoothSolver:  Solving for Ux, Initial residual = 1.122654188e-05, Final residual = 4.875957704e-07, No Iterations 3
smoothSolver:  Solving for Uy, Initial residual = 1.321300295e-05, Final residual = 4.811901907e-07, No Iterations 3
smoothSolver:  Solving for Uz, Initial residual = 1.863138337e-05, Final residual = 1.76737145e-06, No Iterations 2
GAMG:  Solving for p, Initial residual = 0.0001191811596, Final residual = 8.136492704e-07, No Iterations 3
time step continuity errors : sum local = 2.689936414e-07, global = -3.011940414e-08, cumulative = -0.0005168021368
smoothSolver:  Solving for omega, Initial residual = 0.0006224588806, Final residual = 1.822307827e-05, No Iterations 2
smoothSolver:  Solving for k, Initial residual = 0.0003735415376, Final residual = 3.595876762e-05, No Iterations 2
bounding k, min: -0.02082570428 max: 0.4773861859 average: 0.1555549965
ExecutionTime = 159.472031 s  ClockTime = 164 s

Time = 166s

smoothSolver:  Solving for Ux, Initial residual = 1.116360618e-05, Final residual = 5.06673243e-07, No Iterations 3
smoothSolver:  Solving for Uy, Initial residual = 1.311355449e-05, Final residual = 4.785414567e-07, No Iterations 3
smoothSolver:  Solving for Uz, Initial residual = 1.842356405e-05, Final residual = 1.801326247e-06, No Iterations 2
GAMG:  Solving for p, Initial residual = 0.0001112704775, Final residual = 7.564152632e-07, No Iterations 3
time step continuity errors : sum local = 2.500587275e-07, global = -3.039666036e-08, cumulative = -0.0005168325335
smoothSolver:  Solving for omega, Initial residual = 0.0006224643417, Final residual = 1.80933516e-05, No Iterations 2
smoothSolver:  Solving for k, Initial residual = 0.0003717119199, Final residual = 3.566469778e-05, No Iterations 2
bounding k, min: -0.01875849592 max: 0.4774293023 average: 0.155548075
ExecutionTime = 160.658288 s  ClockTime = 165 s

Time = 167s

smoothSolver:  Solving for Ux, Initial residual = 1.089993649e-05, Final residual = 4.791798525e-07, No Iterations 3
smoothSolver:  Solving for Uy, Initial residual = 1.270429871e-05, Final residual = 4.511435235e-07, No Iterations 3
smoothSolver:  Solving for Uz, Initial residual = 1.799276773e-05, Final residual = 1.710253768e-06, No Iterations 2
GAMG:  Solving for p, Initial residual = 0.0001044375844, Final residual = 5.876263074e-07, No Iterations 3
time step continuity errors : sum local = 1.942588792e-07, global = -2.300535361e-08, cumulative = -0.0005168555388
smoothSolver:  Solving for omega, Initial residual = 0.0006216917161, Final residual = 1.818930581e-05, No Iterations 2
smoothSolver:  Solving for k, Initial residual = 0.0003708192925, Final residual = 3.569224171e-05, No Iterations 2
bounding k, min: -0.0208968434 max: 0.4773653651 average: 0.1555441051
ExecutionTime = 161.614904 s  ClockTime = 166 s

Time = 168s

smoothSolver:  Solving for Ux, Initial residual = 1.040659136e-05, Final residual = 4.452892193e-07, No Iterations 3
smoothSolver:  Solving for Uy, Initial residual = 1.246454827e-05, Final residual = 4.455115716e-07, No Iterations 3
smoothSolver:  Solving for Uz, Initial residual = 1.756302648e-05, Final residual = 1.665900494e-06, No Iterations 2
GAMG:  Solving for p, Initial residual = 0.0001015431956, Final residual = 5.951808377e-07, No Iterations 3
time step continuity errors : sum local = 1.967612128e-07, global = -2.346780852e-08, cumulative = -0.0005168790067
smoothSolver:  Solving for omega, Initial residual = 0.0006221755465, Final residual = 1.806659938e-05, No Iterations 2
smoothSolver:  Solving for k, Initial residual = 0.000368534218, Final residual = 3.533887857e-05, No Iterations 2
bounding k, min: -0.0187628389 max: 0.4774263379 average: 0.1555385051
ExecutionTime = 162.653785 s  ClockTime = 167 s

Time = 169s

smoothSolver:  Solving for Ux, Initial residual = 1.018875289e-05, Final residual = 4.245920486e-07, No Iterations 3
smoothSolver:  Solving for Uy, Initial residual = 1.212249181e-05, Final residual = 1.20845301e-06, No Iterations 2
smoothSolver:  Solving for Uz, Initial residual = 1.712546806e-05, Final residual = 1.577345565e-06, No Iterations 2
GAMG:  Solving for p, Initial residual = 9.710537653e-05, Final residual = 5.243787128e-07, No Iterations 3
time step continuity errors : sum local = 1.7335549e-07, global = -2.002191509e-08, cumulative = -0.0005168990286
smoothSolver:  Solving for omega, Initial residual = 0.0006209708922, Final residual = 1.811770574e-05, No Iterations 2
smoothSolver:  Solving for k, Initial residual = 0.0003679991477, Final residual = 3.539975153e-05, No Iterations 2
bounding k, min: -0.02081364803 max: 0.4773817134 average: 0.1555347124
ExecutionTime = 163.455394 s  ClockTime = 167 s

Time = 170s

smoothSolver:  Solving for Ux, Initial residual = 9.910112951e-06, Final residual = 4.038843901e-07, No Iterations 3
smoothSolver:  Solving for Uy, Initial residual = 1.193702184e-05, Final residual = 1.174386765e-06, No Iterations 2
smoothSolver:  Solving for Uz, Initial residual = 1.685213673e-05, Final residual = 1.560701015e-06, No Iterations 2
GAMG:  Solving for p, Initial residual = 9.525469712e-05, Final residual = 5.329076896e-07, No Iterations 3
time step continuity errors : sum local = 1.761779059e-07, global = -2.139033088e-08, cumulative = -0.0005169204189
smoothSolver:  Solving for omega, Initial residual = 0.0006215637272, Final residual = 1.801093741e-05, No Iterations 2
smoothSolver:  Solving for k, Initial residual = 0.0003661229777, Final residual = 3.513953935e-05, No Iterations 2
bounding k, min: -0.01876607494 max: 0.4774541991 average: 0.1555296499
ExecutionTime = 164.241888 s  ClockTime = 168 s

Time = 171s

smoothSolver:  Solving for Ux, Initial residual = 9.627446299e-06, Final residual = 3.895511623e-07, No Iterations 3
smoothSolver:  Solving for Uy, Initial residual = 1.170731359e-05, Final residual = 1.156944518e-06, No Iterations 2
smoothSolver:  Solving for Uz, Initial residual = 1.647287893e-05, Final residual = 1.520658907e-06, No Iterations 2
GAMG:  Solving for p, Initial residual = 8.989213753e-05, Final residual = 4.540999878e-07, No Iterations 3
time step continuity errors : sum local = 1.501225535e-07, global = -1.801941594e-08, cumulative = -0.0005169384383
smoothSolver:  Solving for omega, Initial residual = 0.0006219823528, Final residual = 1.823052633e-05, No Iterations 2
smoothSolver:  Solving for k, Initial residual = 0.000365797179, Final residual = 3.52273528e-05, No Iterations 2
bounding k, min: -0.02082773679 max: 0.4774068022 average: 0.1555266403
ExecutionTime = 165.556199 s  ClockTime = 169 s

Time = 172s

smoothSolver:  Solving for Ux, Initial residual = 9.379614385e-06, Final residual = 3.678816588e-07, No Iterations 3
smoothSolver:  Solving for Uy, Initial residual = 1.151493508e-05, Final residual = 1.129708439e-06, No Iterations 2
smoothSolver:  Solving for Uz, Initial residual = 1.615709603e-05, Final residual = 1.472114928e-06, No Iterations 2
GAMG:  Solving for p, Initial residual = 9.06301332e-05, Final residual = 5.298314213e-07, No Iterations 3
time step continuity errors : sum local = 1.751627291e-07, global = -2.128688579e-08, cumulative = -0.0005169597252
smoothSolver:  Solving for omega, Initial residual = 0.0006219380927, Final residual = 1.800545419e-05, No Iterations 2
smoothSolver:  Solving for k, Initial residual = 0.0003638611171, Final residual = 3.494817962e-05, No Iterations 2
bounding k, min: -0.0187689597 max: 0.4774622788 average: 0.1555218921
ExecutionTime = 166.399084 s  ClockTime = 170 s

Time = 173s

smoothSolver:  Solving for Ux, Initial residual = 9.246721429e-06, Final residual = 3.668314473e-07, No Iterations 3
smoothSolver:  Solving for Uy, Initial residual = 1.135129514e-05, Final residual = 1.104110261e-06, No Iterations 2
smoothSolver:  Solving for Uz, Initial residual = 1.593305048e-05, Final residual = 1.451785219e-06, No Iterations 2
GAMG:  Solving for p, Initial residual = 8.631374832e-05, Final residual = 4.903719209e-07, No Iterations 3
time step continuity errors : sum local = 1.621121875e-07, global = -1.967603009e-08, cumulative = -0.0005169794012
smoothSolver:  Solving for omega, Initial residual = 0.0006214484235, Final residual = 1.812218601e-05, No Iterations 2
smoothSolver:  Solving for k, Initial residual = 0.0003635533694, Final residual = 3.50725924e-05, No Iterations 2
bounding k, min: -0.02089655599 max: 0.4773955286 average: 0.1555191728
ExecutionTime = 167.552186 s  ClockTime = 173 s

Time = 174s

smoothSolver:  Solving for Ux, Initial residual = 9.02711052e-06, Final residual = 3.50588006e-07, No Iterations 3
smoothSolver:  Solving for Uy, Initial residual = 1.113618635e-05, Final residual = 1.065617462e-06, No Iterations 2
smoothSolver:  Solving for Uz, Initial residual = 1.561214136e-05, Final residual = 1.404377061e-06, No Iterations 2
GAMG:  Solving for p, Initial residual = 8.259087112e-05, Final residual = 4.320165006e-07, No Iterations 3
time step continuity errors : sum local = 1.428221527e-07, global = -1.743699648e-08, cumulative = -0.0005169968382
smoothSolver:  Solving for omega, Initial residual = 0.000621758629, Final residual = 1.80620196e-05, No Iterations 2
smoothSolver:  Solving for k, Initial residual = 0.0003620722049, Final residual = 3.478974936e-05, No Iterations 2
bounding k, min: -0.01877214241 max: 0.4774401565 average: 0.1555145194
ExecutionTime = 168.34802 s  ClockTime = 174 s

Time = 175s

smoothSolver:  Solving for Ux, Initial residual = 8.745598828e-06, Final residual = 3.276644816e-07, No Iterations 3
smoothSolver:  Solving for Uy, Initial residual = 1.097634665e-05, Final residual = 1.061929724e-06, No Iterations 2
smoothSolver:  Solving for Uz, Initial residual = 1.530898628e-05, Final residual = 1.360254679e-06, No Iterations 2
GAMG:  Solving for p, Initial residual = 8.553535043e-05, Final residual = 5.672149026e-07, No Iterations 3
time step continuity errors : sum local = 1.875239451e-07, global = -2.041341059e-08, cumulative = -0.0005170172516
smoothSolver:  Solving for omega, Initial residual = 0.0006208702776, Final residual = 1.811002765e-05, No Iterations 2
smoothSolver:  Solving for k, Initial residual = 0.0003617227502, Final residual = 3.478401377e-05, No Iterations 2
bounding k, min: -0.02081536977 max: 0.4773802478 average: 0.1555127177
ExecutionTime = 169.446085 s  ClockTime = 175 s

Time = 176s

smoothSolver:  Solving for Ux, Initial residual = 8.706021724e-06, Final residual = 3.37843642e-07, No Iterations 3
smoothSolver:  Solving for Uy, Initial residual = 1.094806184e-05, Final residual = 1.056386958e-06, No Iterations 2
smoothSolver:  Solving for Uz, Initial residual = 1.523049832e-05, Final residual = 1.38284536e-06, No Iterations 2
GAMG:  Solving for p, Initial residual = 8.205510292e-05, Final residual = 5.563392007e-07, No Iterations 3
time step continuity errors : sum local = 1.839204647e-07, global = -2.121223153e-08, cumulative = -0.0005170384639
smoothSolver:  Solving for omega, Initial residual = 0.0006214992569, Final residual = 1.799727712e-05, No Iterations 2
smoothSolver:  Solving for k, Initial residual = 0.0003600437252, Final residual = 3.459639582e-05, No Iterations 2
bounding k, min: -0.01877488008 max: 0.4774472555 average: 0.1555085834
ExecutionTime = 170.337917 s  ClockTime = 176 s

Time = 177s

smoothSolver:  Solving for Ux, Initial residual = 8.610448509e-06, Final residual = 3.288943065e-07, No Iterations 3
smoothSolver:  Solving for Uy, Initial residual = 1.070068525e-05, Final residual = 1.006117031e-06, No Iterations 2
smoothSolver:  Solving for Uz, Initial residual = 1.502466375e-05, Final residual = 1.349456568e-06, No Iterations 2
GAMG:  Solving for p, Initial residual = 7.637900272e-05, Final residual = 4.321494244e-07, No Iterations 3
time step continuity errors : sum local = 1.428635239e-07, global = -1.727484524e-08, cumulative = -0.0005170557387
smoothSolver:  Solving for omega, Initial residual = 0.00062193095, Final residual = 1.817314977e-05, No Iterations 2
smoothSolver:  Solving for k, Initial residual = 0.0003600091323, Final residual = 3.474943661e-05, No Iterations 2
bounding k, min: -0.0208276907 max: 0.4774140647 average: 0.1555066683
ExecutionTime = 171.355179 s  ClockTime = 177 s

Time = 178s

smoothSolver:  Solving for Ux, Initial residual = 8.276352056e-06, Final residual = 3.023191482e-07, No Iterations 3
smoothSolver:  Solving for Uy, Initial residual = 1.055238411e-05, Final residual = 1.002517449e-06, No Iterations 2
smoothSolver:  Solving for Uz, Initial residual = 1.476303869e-05, Final residual = 1.320762291e-06, No Iterations 2
GAMG:  Solving for p, Initial residual = 7.514992798e-05, Final residual = 4.44146637e-07, No Iterations 3
time step continuity errors : sum local = 1.468336773e-07, global = -1.77521699e-08, cumulative = -0.0005170734909
smoothSolver:  Solving for omega, Initial residual = 0.0006218230895, Final residual = 1.804636236e-05, No Iterations 2
smoothSolver:  Solving for k, Initial residual = 0.0003584050863, Final residual = 3.443040146e-05, No Iterations 2
bounding k, min: -0.01877719432 max: 0.4774985367 average: 0.1555027929
ExecutionTime = 172.15693 s  ClockTime = 178 s

Time = 179s

smoothSolver:  Solving for Ux, Initial residual = 8.172626171e-06, Final residual = 2.956359142e-07, No Iterations 3
smoothSolver:  Solving for Uy, Initial residual = 1.033981095e-05, Final residual = 9.615681608e-07, No Iterations 2
smoothSolver:  Solving for Uz, Initial residual = 1.449713926e-05, Final residual = 1.252369905e-06, No Iterations 2
GAMG:  Solving for p, Initial residual = 7.170346409e-05, Final residual = 3.901019201e-07, No Iterations 3
time step continuity errors : sum local = 1.289665134e-07, global = -1.500518628e-08, cumulative = -0.0005170884961
smoothSolver:  Solving for omega, Initial residual = 0.0006208990122, Final residual = 1.815442267e-05, No Iterations 2
smoothSolver:  Solving for k, Initial residual = 0.0003582845086, Final residual = 3.456734041e-05, No Iterations 2
bounding k, min: -0.02089811042 max: 0.4774723221 average: 0.1555013865
ExecutionTime = 172.966072 s  ClockTime = 179 s

Time = 180s

smoothSolver:  Solving for Ux, Initial residual = 8.008908848e-06, Final residual = 7.911415261e-07, No Iterations 2
smoothSolver:  Solving for Uy, Initial residual = 1.019147775e-05, Final residual = 9.399343901e-07, No Iterations 2
smoothSolver:  Solving for Uz, Initial residual = 1.436165497e-05, Final residual = 1.252866477e-06, No Iterations 2
GAMG:  Solving for p, Initial residual = 7.206677136e-05, Final residual = 4.499185664e-07, No Iterations 3
time step continuity errors : sum local = 1.487447199e-07, global = -1.67820662e-08, cumulative = -0.0005171052781
smoothSolver:  Solving for omega, Initial residual = 0.0006213188196, Final residual = 1.801933399e-05, No Iterations 2
smoothSolver:  Solving for k, Initial residual = 0.0003567899602, Final residual = 3.428597857e-05, No Iterations 2
bounding k, min: -0.01877612654 max: 0.4775568619 average: 0.1554980763
ExecutionTime = 173.918812 s  ClockTime = 180 s

Time = 181s

smoothSolver:  Solving for Ux, Initial residual = 7.868731871e-06, Final residual = 7.673219056e-07, No Iterations 2
smoothSolver:  Solving for Uy, Initial residual = 1.001092088e-05, Final residual = 9.23171291e-07, No Iterations 2
smoothSolver:  Solving for Uz, Initial residual = 1.411347876e-05, Final residual = 1.233756978e-06, No Iterations 2
GAMG:  Solving for p, Initial residual = 6.882368029e-05, Final residual = 3.989259903e-07, No Iterations 3
time step continuity errors : sum local = 1.318830783e-07, global = -1.45083223e-08, cumulative = -0.0005171197865
smoothSolver:  Solving for omega, Initial residual = 0.0006202548208, Final residual = 1.809767744e-05, No Iterations 2
smoothSolver:  Solving for k, Initial residual = 0.0003568452373, Final residual = 3.439736359e-05, No Iterations 2
bounding k, min: -0.02081510466 max: 0.4775295117 average: 0.1554962575
ExecutionTime = 174.867979 s  ClockTime = 181 s

Time = 182s

smoothSolver:  Solving for Ux, Initial residual = 7.773215454e-06, Final residual = 7.454360696e-07, No Iterations 2
smoothSolver:  Solving for Uy, Initial residual = 9.845364146e-06, Final residual = 8.856774974e-07, No Iterations 2
smoothSolver:  Solving for Uz, Initial residual = 1.389332983e-05, Final residual = 1.182136142e-06, No Iterations 2
GAMG:  Solving for p, Initial residual = 6.622701736e-05, Final residual = 3.525067671e-07, No Iterations 3
time step continuity errors : sum local = 1.165383129e-07, global = -1.291055994e-08, cumulative = -0.000517132697
smoothSolver:  Solving for omega, Initial residual = 0.0006208816893, Final residual = 1.79626522e-05, No Iterations 2
smoothSolver:  Solving for k, Initial residual = 0.0003554961525, Final residual = 3.420331228e-05, No Iterations 2
bounding k, min: -0.01877001094 max: 0.477612185 average: 0.1554933141
ExecutionTime = 175.734576 s  ClockTime = 181 s

Time = 183s

smoothSolver:  Solving for Ux, Initial residual = 7.635246162e-06, Final residual = 7.193359674e-07, No Iterations 2
smoothSolver:  Solving for Uy, Initial residual = 9.711596793e-06, Final residual = 8.721804153e-07, No Iterations 2
smoothSolver:  Solving for Uz, Initial residual = 1.368976018e-05, Final residual = 1.147881973e-06, No Iterations 2
GAMG:  Solving for p, Initial residual = 6.969188744e-05, Final residual = 4.658308473e-07, No Iterations 3
time step continuity errors : sum local = 1.54007074e-07, global = -1.390487026e-08, cumulative = -0.0005171466019
smoothSolver:  Solving for omega, Initial residual = 0.0006213787296, Final residual = 1.820134884e-05, No Iterations 2
smoothSolver:  Solving for k, Initial residual = 0.00035567318, Final residual = 3.431421731e-05, No Iterations 2
bounding k, min: -0.02082886093 max: 0.4775885958 average: 0.1554930047
ExecutionTime = 176.823468 s  ClockTime = 182 s

Time = 184s

smoothSolver:  Solving for Ux, Initial residual = 7.599932726e-06, Final residual = 7.291736424e-07, No Iterations 2
smoothSolver:  Solving for Uy, Initial residual = 9.709983407e-06, Final residual = 8.710439749e-07, No Iterations 2
smoothSolver:  Solving for Uz, Initial residual = 1.360028703e-05, Final residual = 1.176999365e-06, No Iterations 2
GAMG:  Solving for p, Initial residual = 6.672160299e-05, Final residual = 4.622050995e-07, No Iterations 3
time step continuity errors : sum local = 1.528019913e-07, global = -1.436882601e-08, cumulative = -0.0005171609707
smoothSolver:  Solving for omega, Initial residual = 0.0006209323773, Final residual = 1.795087912e-05, No Iterations 2
smoothSolver:  Solving for k, Initial residual = 0.0003543007864, Final residual = 3.407473471e-05, No Iterations 2
bounding k, min: -0.01877427168 max: 0.4776804141 average: 0.155489396
ExecutionTime = 177.697555 s  ClockTime = 183 s

Time = 185s

smoothSolver:  Solving for Ux, Initial residual = 7.585484424e-06, Final residual = 7.312289366e-07, No Iterations 2
smoothSolver:  Solving for Uy, Initial residual = 9.493964303e-06, Final residual = 8.274018941e-07, No Iterations 2
smoothSolver:  Solving for Uz, Initial residual = 1.343631476e-05, Final residual = 1.135806891e-06, No Iterations 2
GAMG:  Solving for p, Initial residual = 6.218358128e-05, Final residual = 3.406651007e-07, No Iterations 3
time step continuity errors : sum local = 1.126208302e-07, global = -1.127052813e-08, cumulative = -0.0005171722412
smoothSolver:  Solving for omega, Initial residual = 0.0006203790028, Final residual = 1.808439271e-05, No Iterations 2
smoothSolver:  Solving for k, Initial residual = 0.0003544149953, Final residual = 3.423022208e-05, No Iterations 2
bounding k, min: -0.02089786731 max: 0.4776728745 average: 0.1554887779
ExecutionTime = 178.452821 s  ClockTime = 184 s

Time = 186s

smoothSolver:  Solving for Ux, Initial residual = 7.334598625e-06, Final residual = 6.81534376e-07, No Iterations 2
smoothSolver:  Solving for Uy, Initial residual = 9.412575493e-06, Final residual = 8.371610125e-07, No Iterations 2
smoothSolver:  Solving for Uz, Initial residual = 1.327054943e-05, Final residual = 1.124655518e-06, No Iterations 2
GAMG:  Solving for p, Initial residual = 6.145077519e-05, Final residual = 3.527177125e-07, No Iterations 3
time step continuity errors : sum local = 1.16608167e-07, global = -1.192394945e-08, cumulative = -0.0005171841652
smoothSolver:  Solving for omega, Initial residual = 0.0006213529017, Final residual = 1.803965638e-05, No Iterations 2
smoothSolver:  Solving for k, Initial residual = 0.0003532765432, Final residual = 3.395870312e-05, No Iterations 2
bounding k, min: -0.01877717626 max: 0.4777837609 average: 0.1554861443
ExecutionTime = 179.665674 s  ClockTime = 185 s

Time = 187s

smoothSolver:  Solving for Ux, Initial residual = 7.262799988e-06, Final residual = 6.673104753e-07, No Iterations 2
smoothSolver:  Solving for Uy, Initial residual = 9.240501919e-06, Final residual = 8.01218358e-07, No Iterations 2
smoothSolver:  Solving for Uz, Initial residual = 1.302268396e-05, Final residual = 1.057450597e-06, No Iterations 2
GAMG:  Solving for p, Initial residual = 5.805515468e-05, Final residual = 2.934930473e-07, No Iterations 3
time step continuity errors : sum local = 9.702842584e-08, global = -9.659586848e-09, cumulative = -0.0005171938248
smoothSolver:  Solving for omega, Initial residual = 0.0006203697136, Final residual = 1.812998118e-05, No Iterations 2
smoothSolver:  Solving for k, Initial residual = 0.000353491278, Final residual = 3.405371774e-05, No Iterations 2
bounding k, min: -0.02081634679 max: 0.4777978657 average: 0.1554852855
ExecutionTime = 180.847468 s  ClockTime = 186 s

Time = 188s

smoothSolver:  Solving for Ux, Initial residual = 7.1572292e-06, Final residual = 6.474181402e-07, No Iterations 2
smoothSolver:  Solving for Uy, Initial residual = 9.134377905e-06, Final residual = 7.834175234e-07, No Iterations 2
smoothSolver:  Solving for Uz, Initial residual = 1.295098378e-05, Final residual = 1.06235344e-06, No Iterations 2
GAMG:  Solving for p, Initial residual = 6.013588236e-05, Final residual = 3.719589736e-07, No Iterations 3
time step continuity errors : sum local = 1.229718811e-07, global = -1.160140598e-08, cumulative = -0.0005172054262
smoothSolver:  Solving for omega, Initial residual = 0.0006208138238, Final residual = 1.795217211e-05, No Iterations 2
smoothSolver:  Solving for k, Initial residual = 0.0003520058874, Final residual = 3.388607015e-05, No Iterations 2
bounding k, min: -0.01877769875 max: 0.4779247535 average: 0.155483325
ExecutionTime = 181.861846 s  ClockTime = 187 s

Time = 189s

smoothSolver:  Solving for Ux, Initial residual = 7.074672127e-06, Final residual = 6.387045225e-07, No Iterations 2
smoothSolver:  Solving for Uy, Initial residual = 9.055566807e-06, Final residual = 7.798625668e-07, No Iterations 2
smoothSolver:  Solving for Uz, Initial residual = 1.282798957e-05, Final residual = 1.06714459e-06, No Iterations 2
GAMG:  Solving for p, Initial residual = 5.713607012e-05, Final residual = 3.384161357e-07, No Iterations 3
time step continuity errors : sum local = 1.118785541e-07, global = -1.066337609e-08, cumulative = -0.0005172160896
smoothSolver:  Solving for omega, Initial residual = 0.0006208711577, Final residual = 1.810915181e-05, No Iterations 2
smoothSolver:  Solving for k, Initial residual = 0.0003525141422, Final residual = 3.406554741e-05, No Iterations 2
bounding k, min: -0.02082871457 max: 0.4779465786 average: 0.1554826207
ExecutionTime = 183.561644 s  ClockTime = 189 s

Time = 190s

smoothSolver:  Solving for Ux, Initial residual = 7.017215192e-06, Final residual = 6.27050915e-07, No Iterations 2
smoothSolver:  Solving for Uy, Initial residual = 8.937240674e-06, Final residual = 7.505313541e-07, No Iterations 2
smoothSolver:  Solving for Uz, Initial residual = 1.268294312e-05, Final residual = 1.036876518e-06, No Iterations 2
GAMG:  Solving for p, Initial residual = 5.36463179e-05, Final residual = 2.59535213e-07, No Iterations 3
time step continuity errors : sum local = 8.580177278e-08, global = -9.487603597e-09, cumulative = -0.0005172255772
smoothSolver:  Solving for omega, Initial residual = 0.0006205470703, Final residual = 1.796764023e-05, No Iterations 2
smoothSolver:  Solving for k, Initial residual = 0.0003515154504, Final residual = 3.385069432e-05, No Iterations 2
bounding k, min: -0.01877713376 max: 0.4780706651 average: 0.1554799002
ExecutionTime = 184.442052 s  ClockTime = 189 s

Time = 191s

smoothSolver:  Solving for Ux, Initial residual = 6.8760942e-06, Final residual = 5.958691137e-07, No Iterations 2
smoothSolver:  Solving for Uy, Initial residual = 8.876560427e-06, Final residual = 7.500344657e-07, No Iterations 2
smoothSolver:  Solving for Uz, Initial residual = 1.258099944e-05, Final residual = 1.016561994e-06, No Iterations 2
GAMG:  Solving for p, Initial residual = 5.94152297e-05, Final residual = 4.015154754e-07, No Iterations 3
time step continuity errors : sum local = 1.327445638e-07, global = -1.077494351e-08, cumulative = -0.0005172363521
smoothSolver:  Solving for omega, Initial residual = 0.0006205856828, Final residual = 1.814638332e-05, No Iterations 2
smoothSolver:  Solving for k, Initial residual = 0.0003518355562, Final residual = 3.393735115e-05, No Iterations 2
bounding k, min: -0.02089864537 max: 0.4780802886 average: 0.155480699
ExecutionTime = 185.663362 s  ClockTime = 190 s

Time = 192s

smoothSolver:  Solving for Ux, Initial residual = 6.964073964e-06, Final residual = 6.242646225e-07, No Iterations 2
smoothSolver:  Solving for Uy, Initial residual = 8.894862503e-06, Final residual = 7.442021178e-07, No Iterations 2
smoothSolver:  Solving for Uz, Initial residual = 1.264751954e-05, Final residual = 1.058140602e-06, No Iterations 2
GAMG:  Solving for p, Initial residual = 5.545656792e-05, Final residual = 3.842099149e-07, No Iterations 3
time step continuity errors : sum local = 1.270175197e-07, global = -1.122129215e-08, cumulative = -0.0005172475734
smoothSolver:  Solving for omega, Initial residual = 0.0006207718554, Final residual = 1.800904162e-05, No Iterations 2
smoothSolver:  Solving for k, Initial residual = 0.0003507358471, Final residual = 3.375688425e-05, No Iterations 2
bounding k, min: -0.0187755925 max: 0.4781895205 average: 0.1554779286
ExecutionTime = 186.429599 s  ClockTime = 191 s

Time = 193s

smoothSolver:  Solving for Ux, Initial residual = 6.88580376e-06, Final residual = 6.128204602e-07, No Iterations 2
smoothSolver:  Solving for Uy, Initial residual = 8.717059071e-06, Final residual = 7.15546874e-07, No Iterations 2
smoothSolver:  Solving for Uz, Initial residual = 1.252404786e-05, Final residual = 1.029039305e-06, No Iterations 2
GAMG:  Solving for p, Initial residual = 5.152450306e-05, Final residual = 2.735654585e-07, No Iterations 3
time step continuity errors : sum local = 9.043873746e-08, global = -8.522735482e-09, cumulative = -0.0005172560961
smoothSolver:  Solving for omega, Initial residual = 0.0006199107593, Final residual = 1.808356023e-05, No Iterations 2
smoothSolver:  Solving for k, Initial residual = 0.0003511285243, Final residual = 3.390585546e-05, No Iterations 2
bounding k, min: -0.02081612864 max: 0.4781902092 average: 0.1554776398
ExecutionTime = 187.194519 s  ClockTime = 192 s

Time = 194s

smoothSolver:  Solving for Ux, Initial residual = 6.646447336e-06, Final residual = 5.624740066e-07, No Iterations 2
smoothSolver:  Solving for Uy, Initial residual = 8.680494954e-06, Final residual = 7.224299471e-07, No Iterations 2
smoothSolver:  Solving for Uz, Initial residual = 1.234853283e-05, Final residual = 1.006045928e-06, No Iterations 2
GAMG:  Solving for p, Initial residual = 5.243905368e-05, Final residual = 3.222092751e-07, No Iterations 3
time step continuity errors : sum local = 1.065229045e-07, global = -9.577750443e-09, cumulative = -0.0005172656739
smoothSolver:  Solving for omega, Initial residual = 0.0006209975259, Final residual = 1.799967357e-05, No Iterations 2
smoothSolver:  Solving for k, Initial residual = 0.0003500381237, Final residual = 3.370976302e-05, No Iterations 2
bounding k, min: -0.01877954593 max: 0.4782981993 average: 0.1554759524
ExecutionTime = 188.098531 s  ClockTime = 193 s

Time = 195s

smoothSolver:  Solving for Ux, Initial residual = 6.674042793e-06, Final residual = 5.699807847e-07, No Iterations 2
smoothSolver:  Solving for Uy, Initial residual = 8.567363197e-06, Final residual = 6.975260635e-07, No Iterations 2
smoothSolver:  Solving for Uz, Initial residual = 1.226106017e-05, Final residual = 9.775694035e-07, No Iterations 2
GAMG:  Solving for p, Initial residual = 4.929319969e-05, Final residual = 2.610511732e-07, No Iterations 3
time step continuity errors : sum local = 8.630277518e-08, global = -7.84012348e-09, cumulative = -0.000517273514
smoothSolver:  Solving for omega, Initial residual = 0.0006209068815, Final residual = 1.819258428e-05, No Iterations 2
smoothSolver:  Solving for k, Initial residual = 0.0003506331389, Final residual = 3.38874565e-05, No Iterations 2
bounding k, min: -0.02082947547 max: 0.4783078931 average: 0.1554760312
ExecutionTime = 189.095581 s  ClockTime = 194 s

Time = 196s

smoothSolver:  Solving for Ux, Initial residual = 6.576126538e-06, Final residual = 5.456136033e-07, No Iterations 2
smoothSolver:  Solving for Uy, Initial residual = 8.495345465e-06, Final residual = 6.873307088e-07, No Iterations 2
smoothSolver:  Solving for Uz, Initial residual = 1.219322206e-05, Final residual = 9.778696435e-07, No Iterations 2
GAMG:  Solving for p, Initial residual = 4.936016408e-05, Final residual = 2.735844503e-07, No Iterations 3
time step continuity errors : sum local = 9.044771992e-08, global = -8.387966541e-09, cumulative = -0.000517281902
smoothSolver:  Solving for omega, Initial residual = 0.0006205905464, Final residual = 1.795159801e-05, No Iterations 2
smoothSolver:  Solving for k, Initial residual = 0.0003492397265, Final residual = 3.365074861e-05, No Iterations 2
bounding k, min: -0.01877403273 max: 0.4784272058 average: 0.1554739226
ExecutionTime = 190.160267 s  ClockTime = 195 s

Time = 197s

smoothSolver:  Solving for Ux, Initial residual = 6.460639644e-06, Final residual = 5.289425524e-07, No Iterations 2
smoothSolver:  Solving for Uy, Initial residual = 8.38773295e-06, Final residual = 6.725403284e-07, No Iterations 2
smoothSolver:  Solving for Uz, Initial residual = 1.201806983e-05, Final residual = 9.531924916e-07, No Iterations 2
GAMG:  Solving for p, Initial residual = 4.828834057e-05, Final residual = 2.646878008e-07, No Iterations 3
time step continuity errors : sum local = 8.750661232e-08, global = -7.241416582e-09, cumulative = -0.0005172891434
smoothSolver:  Solving for omega, Initial residual = 0.0006204117564, Final residual = 1.808034606e-05, No Iterations 2
smoothSolver:  Solving for k, Initial residual = 0.0003496701897, Final residual = 3.381843608e-05, No Iterations 2
bounding k, min: -0.02089849014 max: 0.4784449268 average: 0.155474376
ExecutionTime = 191.092709 s  ClockTime = 195 s

Time = 198s

smoothSolver:  Solving for Ux, Initial residual = 6.370398341e-06, Final residual = 5.155026425e-07, No Iterations 2
smoothSolver:  Solving for Uy, Initial residual = 8.366728317e-06, Final residual = 6.745391542e-07, No Iterations 2
smoothSolver:  Solving for Uz, Initial residual = 1.196649074e-05, Final residual = 9.584813963e-07, No Iterations 2
GAMG:  Solving for p, Initial residual = 4.603166211e-05, Final residual = 2.196328822e-07, No Iterations 3
time step continuity errors : sum local = 7.261152914e-08, global = -6.936527364e-09, cumulative = -0.0005172960799
smoothSolver:  Solving for omega, Initial residual = 0.0006207348742, Final residual = 1.798713786e-05, No Iterations 2
smoothSolver:  Solving for k, Initial residual = 0.0003488508506, Final residual = 3.359711767e-05, No Iterations 2
bounding k, min: -0.01877036731 max: 0.4785656726 average: 0.1554720709
ExecutionTime = 191.86139 s  ClockTime = 196 s

Time = 199s

smoothSolver:  Solving for Ux, Initial residual = 6.295830066e-06, Final residual = 4.962653838e-07, No Iterations 2
smoothSolver:  Solving for Uy, Initial residual = 8.290199549e-06, Final residual = 6.605652794e-07, No Iterations 2
smoothSolver:  Solving for Uz, Initial residual = 1.186722898e-05, Final residual = 9.317493754e-07, No Iterations 2
GAMG:  Solving for p, Initial residual = 4.895470303e-05, Final residual = 2.942401067e-07, No Iterations 3
time step continuity errors : sum local = 9.727821182e-08, global = -6.935100679e-09, cumulative = -0.000517303015
smoothSolver:  Solving for omega, Initial residual = 0.0006200928618, Final residual = 1.807156052e-05, No Iterations 2
smoothSolver:  Solving for k, Initial residual = 0.0003496712384, Final residual = 3.374108416e-05, No Iterations 2
bounding k, min: -0.0208166695 max: 0.478577076 average: 0.1554727934
ExecutionTime = 192.625171 s  ClockTime = 197 s

Time = 200s

smoothSolver:  Solving for Ux, Initial residual = 6.360330362e-06, Final residual = 5.173736878e-07, No Iterations 2
smoothSolver:  Solving for Uy, Initial residual = 8.322710747e-06, Final residual = 6.590957039e-07, No Iterations 2
smoothSolver:  Solving for Uz, Initial residual = 1.190716793e-05, Final residual = 9.587986238e-07, No Iterations 2
GAMG:  Solving for p, Initial residual = 4.859940566e-05, Final residual = 3.391090939e-07, No Iterations 3
time step continuity errors : sum local = 1.12108376e-07, global = -7.608049485e-09, cumulative = -0.0005173106231
smoothSolver:  Solving for omega, Initial residual = 0.0006209665441, Final residual = 1.795295217e-05, No Iterations 2
smoothSolver:  Solving for k, Initial residual = 0.0003483928952, Final residual = 3.357949822e-05, No Iterations 2
bounding k, min: -0.01877458857 max: 0.4786861263 average: 0.1554710236
ExecutionTime = 194.649158 s  ClockTime = 200 s

End

