
simpleFoam has been superseded and replaced by the more general
incompressibleFluid solver module executed by the foamRun application:

    foamRun -solver incompressibleFluid

/*---------------------------------------------------------------------------*\
  =========                 |
  \\      /  F ield         | OpenFOAM: The Open Source CFD Toolbox
   \\    /   O peration     | Website:  https://openfoam.org
    \\  /    A nd           | Version:  13
     \\/     M anipulation  |
\*---------------------------------------------------------------------------*/
Build  : 13-441953dfbb42
Exec   : foamRun -solver incompressibleFluid
Date   : Apr 24 2026
Time   : 09:42:28
Host   : "DESKTOP-NKIGO8J"
PID    : 18021
I/O    : uncollated
Case   : /mnt/c/Users/СЂСЃ/Desktop/bulbop2/bulbai2/projects/case-c8f6a7a7/working/night_optimization/foam_candidates/candidate-3ea3a2fc/working/openfoam_case
nProcs : 1
sigFpe : Enabling floating point exception trapping (FOAM_SIGFPE).
fileModificationChecking : Monitoring run-time modified files using timeStampMaster (fileModificationSkew 10)
allowSystemOperations : Allowing user-supplied system call operations

// * * * * * * * * * * * * * * * * * * * * * * * * * * * * * * * * * * * * * //
Create time

Create mesh for time = 0

Selecting solver incompressibleFluid
Selecting viscosity model Newtonian
Selecting turbulence model type RAS
    Selecting RAS turbulence model kOmegaSST
No MRF models present

Selecting patchDistMethod meshWave

SIMPLE: Convergence criteria found
        p: tolerance 1e-05
        U: tolerance 1e-06
        "(k|omega|epsilon)": tolerance 1e-05


SIMPLE: Operating solver in steady-state mode with 1 outer corrector
SIMPLE: Operating solver in SIMPLE mode



Starting time loop

Time = 1s

smoothSolver:  Solving for Ux, Initial residual = 1, Final residual = 0.04572756246, No Iterations 3
smoothSolver:  Solving for Uy, Initial residual = 1, Final residual = 0.07875838818, No Iterations 2
smoothSolver:  Solving for Uz, Initial residual = 1, Final residual = 0.04797788258, No Iterations 3
GAMG:  Solving for p, Initial residual = 1, Final residual = 0.008511891168, No Iterations 6
time step continuity errors : sum local = 0.0009605851834, global = -0.0003150704952, cumulative = -0.0003150704952
smoothSolver:  Solving for omega, Initial residual = 0.03067238925, Final residual = 0.001836291347, No Iterations 2
smoothSolver:  Solving for k, Initial residual = 1, Final residual = 0.05338102732, No Iterations 2
ExecutionTime = 2.55345 s  ClockTime = 3 s

Time = 2s

smoothSolver:  Solving for Ux, Initial residual = 0.4463715561, Final residual = 0.03948468385, No Iterations 2
smoothSolver:  Solving for Uy, Initial residual = 0.3878323102, Final residual = 0.0243103973, No Iterations 3
smoothSolver:  Solving for Uz, Initial residual = 0.3283881551, Final residual = 0.02564345503, No Iterations 3
GAMG:  Solving for p, Initial residual = 0.196731906, Final residual = 0.001767091528, No Iterations 5
time step continuity errors : sum local = 0.0008212587682, global = 0.0001436224368, cumulative = -0.0001714480584
smoothSolver:  Solving for omega, Initial residual = 0.01525070218, Final residual = 0.0009313295095, No Iterations 2
smoothSolver:  Solving for k, Initial residual = 0.400618359, Final residual = 0.01997933923, No Iterations 2
ExecutionTime = 3.905481 s  ClockTime = 5 s

Time = 3s

smoothSolver:  Solving for Ux, Initial residual = 0.2973168932, Final residual = 0.01173842761, No Iterations 3
smoothSolver:  Solving for Uy, Initial residual = 0.2817445266, Final residual = 0.01815443807, No Iterations 3
smoothSolver:  Solving for Uz, Initial residual = 0.2303873791, Final residual = 0.01963763551, No Iterations 3
GAMG:  Solving for p, Initial residual = 0.1323854558, Final residual = 0.0008260907728, No Iterations 4
time step continuity errors : sum local = 0.000468167139, global = -0.000173713507, cumulative = -0.0003451615654
smoothSolver:  Solving for omega, Initial residual = 0.01160206253, Final residual = 0.0006230994469, No Iterations 2
smoothSolver:  Solving for k, Initial residual = 0.2554813125, Final residual = 0.01262616635, No Iterations 2
ExecutionTime = 5.109583 s  ClockTime = 6 s

Time = 4s

smoothSolver:  Solving for Ux, Initial residual = 0.2057051176, Final residual = 0.008681892332, No Iterations 3
smoothSolver:  Solving for Uy, Initial residual = 0.1942105222, Final residual = 0.0126486928, No Iterations 3
smoothSolver:  Solving for Uz, Initial residual = 0.1572780403, Final residual = 0.01371182682, No Iterations 3
GAMG:  Solving for p, Initial residual = 0.1840438452, Final residual = 0.001047813637, No Iterations 5
time step continuity errors : sum local = 0.0005231400712, global = -9.780929198e-05, cumulative = -0.0004429708574
smoothSolver:  Solving for omega, Initial residual = 0.00882324273, Final residual = 0.0004451807159, No Iterations 2
smoothSolver:  Solving for k, Initial residual = 0.1619661626, Final residual = 0.009251899117, No Iterations 2
ExecutionTime = 5.860574 s  ClockTime = 6 s

Time = 5s

smoothSolver:  Solving for Ux, Initial residual = 0.1262378201, Final residual = 0.005663704526, No Iterations 3
smoothSolver:  Solving for Uy, Initial residual = 0.1198962871, Final residual = 0.007925581604, No Iterations 3
smoothSolver:  Solving for Uz, Initial residual = 0.09956911145, Final residual = 0.008709963848, No Iterations 3
GAMG:  Solving for p, Initial residual = 0.3038593332, Final residual = 0.00237741878, No Iterations 5
time step continuity errors : sum local = 0.0007981128901, global = -0.0001431951939, cumulative = -0.0005861660513
smoothSolver:  Solving for omega, Initial residual = 0.006732409024, Final residual = 0.0003608400636, No Iterations 2
smoothSolver:  Solving for k, Initial residual = 0.1216196566, Final residual = 0.00726634276, No Iterations 2
ExecutionTime = 6.636655 s  ClockTime = 7 s

Time = 6s

smoothSolver:  Solving for Ux, Initial residual = 0.0640857479, Final residual = 0.003104075627, No Iterations 3
smoothSolver:  Solving for Uy, Initial residual = 0.05878968122, Final residual = 0.003779397988, No Iterations 3
smoothSolver:  Solving for Uz, Initial residual = 0.05553192975, Final residual = 0.004428757701, No Iterations 3
GAMG:  Solving for p, Initial residual = 0.3273947034, Final residual = 0.002552175595, No Iterations 5
time step continuity errors : sum local = 0.0007749602184, global = -0.0001324441062, cumulative = -0.0007186101575
smoothSolver:  Solving for omega, Initial residual = 0.005468538815, Final residual = 0.0003097000073, No Iterations 2
smoothSolver:  Solving for k, Initial residual = 0.09755546085, Final residual = 0.00606634742, No Iterations 2
bounding k, min: -0.008244361232 max: 0.9762057437 average: 0.3144577808
ExecutionTime = 7.691154 s  ClockTime = 8 s

Time = 7s

smoothSolver:  Solving for Ux, Initial residual = 0.05262078849, Final residual = 0.002104375113, No Iterations 3
smoothSolver:  Solving for Uy, Initial residual = 0.03383630347, Final residual = 0.003206643512, No Iterations 2
smoothSolver:  Solving for Uz, Initial residual = 0.03716452427, Final residual = 0.003645124523, No Iterations 2
GAMG:  Solving for p, Initial residual = 0.1974849094, Final residual = 0.001229973368, No Iterations 5
time step continuity errors : sum local = 0.000557819808, global = -8.89338282e-05, cumulative = -0.0008075439857
smoothSolver:  Solving for omega, Initial residual = 0.004636123185, Final residual = 0.0002761460973, No Iterations 2
smoothSolver:  Solving for k, Initial residual = 0.08341828701, Final residual = 0.005340749034, No Iterations 2
bounding k, min: -0.01885033749 max: 1.033931411 average: 0.3087787337
ExecutionTime = 8.460664 s  ClockTime = 9 s

Time = 8s

smoothSolver:  Solving for Ux, Initial residual = 0.07547493248, Final residual = 0.007366003238, No Iterations 2
smoothSolver:  Solving for Uy, Initial residual = 0.05706042014, Final residual = 0.003141860181, No Iterations 3
smoothSolver:  Solving for Uz, Initial residual = 0.04611829095, Final residual = 0.003064999249, No Iterations 3
GAMG:  Solving for p, Initial residual = 0.1387281954, Final residual = 0.001011468566, No Iterations 4
time step continuity errors : sum local = 0.0005412324789, global = 9.521552778e-05, cumulative = -0.0007123284579
smoothSolver:  Solving for omega, Initial residual = 0.004094256866, Final residual = 0.0002488589676, No Iterations 2
smoothSolver:  Solving for k, Initial residual = 0.0731871919, Final residual = 0.004840473893, No Iterations 2
bounding k, min: -0.0104731124 max: 1.121558069 average: 0.3034085337
ExecutionTime = 9.304649 s  ClockTime = 10 s

Time = 9s

smoothSolver:  Solving for Ux, Initial residual = 0.08318392708, Final residual = 0.008301540848, No Iterations 2
smoothSolver:  Solving for Uy, Initial residual = 0.077677964, Final residual = 0.004822570275, No Iterations 3
smoothSolver:  Solving for Uz, Initial residual = 0.0627950584, Final residual = 0.00502975596, No Iterations 3
GAMG:  Solving for p, Initial residual = 0.1086774078, Final residual = 0.0004315997548, No Iterations 4
time step continuity errors : sum local = 0.0002359167472, global = 9.75509214e-05, cumulative = -0.0006147775365
smoothSolver:  Solving for omega, Initial residual = 0.003658502798, Final residual = 0.0002297138883, No Iterations 2
smoothSolver:  Solving for k, Initial residual = 0.06511447457, Final residual = 0.004497363133, No Iterations 2
bounding k, min: -0.01412579371 max: 1.178949452 average: 0.2983398539
ExecutionTime = 10.268423 s  ClockTime = 10 s

Time = 10s

smoothSolver:  Solving for Ux, Initial residual = 0.07198439141, Final residual = 0.002702503429, No Iterations 3
smoothSolver:  Solving for Uy, Initial residual = 0.07791866341, Final residual = 0.005087765139, No Iterations 3
smoothSolver:  Solving for Uz, Initial residual = 0.06834360361, Final residual = 0.005657159743, No Iterations 3
GAMG:  Solving for p, Initial residual = 0.1090580397, Final residual = 0.0007916692295, No Iterations 4
time step continuity errors : sum local = 0.0003985521207, global = 0.0001161952187, cumulative = -0.0004985823178
smoothSolver:  Solving for omega, Initial residual = 0.003311114246, Final residual = 0.0002116973732, No Iterations 2
smoothSolver:  Solving for k, Initial residual = 0.05873839076, Final residual = 0.00413698116, No Iterations 2
bounding k, min: -0.01299978012 max: 1.217390383 average: 0.293532416
ExecutionTime = 11.012941 s  ClockTime = 11 s

Time = 11s

smoothSolver:  Solving for Ux, Initial residual = 0.04852418906, Final residual = 0.004827943111, No Iterations 2
smoothSolver:  Solving for Uy, Initial residual = 0.05784886104, Final residual = 0.003941183038, No Iterations 3
smoothSolver:  Solving for Uz, Initial residual = 0.05914926382, Final residual = 0.004835453006, No Iterations 3
GAMG:  Solving for p, Initial residual = 0.1226274614, Final residual = 0.000446051586, No Iterations 5
time step continuity errors : sum local = 0.000190613911, global = 3.09176983e-05, cumulative = -0.0004676646195
smoothSolver:  Solving for omega, Initial residual = 0.003031528773, Final residual = 0.0001960822054, No Iterations 2
smoothSolver:  Solving for k, Initial residual = 0.05233878695, Final residual = 0.003815137167, No Iterations 2
bounding k, min: -0.01044695147 max: 1.254497597 average: 0.2889379863
ExecutionTime = 11.838916 s  ClockTime = 12 s

Time = 12s

smoothSolver:  Solving for Ux, Initial residual = 0.02903841147, Final residual = 0.002787365474, No Iterations 2
smoothSolver:  Solving for Uy, Initial residual = 0.034669173, Final residual = 0.00215304121, No Iterations 3
smoothSolver:  Solving for Uz, Initial residual = 0.04230074098, Final residual = 0.003077637087, No Iterations 3
GAMG:  Solving for p, Initial residual = 0.1376517007, Final residual = 0.0006111629493, No Iterations 5
time step continuity errors : sum local = 0.0002130858172, global = 3.193426117e-05, cumulative = -0.0004357303583
smoothSolver:  Solving for omega, Initial residual = 0.002740180806, Final residual = 0.0001844096782, No Iterations 2
smoothSolver:  Solving for k, Initial residual = 0.04677171261, Final residual = 0.00350663205, No Iterations 2
bounding k, min: -0.02167829777 max: 1.226787942 average: 0.2845396232
ExecutionTime = 12.84002 s  ClockTime = 13 s

Time = 13s

smoothSolver:  Solving for Ux, Initial residual = 0.02869298604, Final residual = 0.001284788565, No Iterations 3
smoothSolver:  Solving for Uy, Initial residual = 0.03021040162, Final residual = 0.001422360375, No Iterations 3
smoothSolver:  Solving for Uz, Initial residual = 0.02930704758, Final residual = 0.001468025854, No Iterations 3
GAMG:  Solving for p, Initial residual = 0.1480122188, Final residual = 0.0006598707879, No Iterations 5
time step continuity errors : sum local = 0.0001907264439, global = 2.770346868e-05, cumulative = -0.0004080268896
smoothSolver:  Solving for omega, Initial residual = 0.002521649527, Final residual = 0.0001696988077, No Iterations 2
smoothSolver:  Solving for k, Initial residual = 0.04190097025, Final residual = 0.003232082911, No Iterations 2
bounding k, min: -0.009181914537 max: 1.272781688 average: 0.2802982176
ExecutionTime = 13.667727 s  ClockTime = 14 s

Time = 14s

smoothSolver:  Solving for Ux, Initial residual = 0.03471030252, Final residual = 0.001692077811, No Iterations 3
smoothSolver:  Solving for Uy, Initial residual = 0.03142658805, Final residual = 0.001672979033, No Iterations 3
smoothSolver:  Solving for Uz, Initial residual = 0.0247757607, Final residual = 0.001332824552, No Iterations 3
GAMG:  Solving for p, Initial residual = 0.1425862235, Final residual = 0.0009490506839, No Iterations 4
time step continuity errors : sum local = 0.0002463717771, global = 4.783819055e-05, cumulative = -0.0003601886991
smoothSolver:  Solving for omega, Initial residual = 0.002308463741, Final residual = 0.000157197909, No Iterations 2
smoothSolver:  Solving for k, Initial residual = 0.03766422381, Final residual = 0.002964011887, No Iterations 2
bounding k, min: -0.01947291242 max: 1.312172967 average: 0.2761621979
ExecutionTime = 14.546093 s  ClockTime = 14 s

Time = 15s

smoothSolver:  Solving for Ux, Initial residual = 0.03488228224, Final residual = 0.001809206083, No Iterations 3
smoothSolver:  Solving for Uy, Initial residual = 0.03005798925, Final residual = 0.001826999593, No Iterations 3
smoothSolver:  Solving for Uz, Initial residual = 0.02452096417, Final residual = 0.001712280234, No Iterations 3
GAMG:  Solving for p, Initial residual = 0.121138947, Final residual = 0.00116911518, No Iterations 3
time step continuity errors : sum local = 0.0003038668014, global = 1.176376681e-05, cumulative = -0.0003484249323
smoothSolver:  Solving for omega, Initial residual = 0.002149066955, Final residual = 0.0001452490473, No Iterations 2
smoothSolver:  Solving for k, Initial residual = 0.03432519968, Final residual = 0.002750173305, No Iterations 2
bounding k, min: -0.006338353821 max: 1.373970693 average: 0.2721141059
ExecutionTime = 15.719645 s  ClockTime = 16 s

Time = 16s

smoothSolver:  Solving for Ux, Initial residual = 0.02979648031, Final residual = 0.001664090923, No Iterations 3
smoothSolver:  Solving for Uy, Initial residual = 0.02468286689, Final residual = 0.001642525198, No Iterations 3
smoothSolver:  Solving for Uz, Initial residual = 0.02282260252, Final residual = 0.001730657056, No Iterations 3
GAMG:  Solving for p, Initial residual = 0.1002995281, Final residual = 0.0005515776482, No Iterations 4
time step continuity errors : sum local = 0.0001546810454, global = -6.71938541e-05, cumulative = -0.0004156187864
smoothSolver:  Solving for omega, Initial residual = 0.002002522398, Final residual = 0.000136762707, No Iterations 2
smoothSolver:  Solving for k, Initial residual = 0.03174470489, Final residual = 0.002583140789, No Iterations 2
bounding k, min: -0.02397200193 max: 1.401158694 average: 0.2681132916
ExecutionTime = 16.470825 s  ClockTime = 16 s

Time = 17s

smoothSolver:  Solving for Ux, Initial residual = 0.02193220462, Final residual = 0.001367983185, No Iterations 3
smoothSolver:  Solving for Uy, Initial residual = 0.01705367929, Final residual = 0.001202755511, No Iterations 3
smoothSolver:  Solving for Uz, Initial residual = 0.01925693889, Final residual = 0.001409848288, No Iterations 3
GAMG:  Solving for p, Initial residual = 0.08385507395, Final residual = 0.0005339108786, No Iterations 4
time step continuity errors : sum local = 0.0001662279846, global = -6.015942544e-05, cumulative = -0.0004757782118
smoothSolver:  Solving for omega, Initial residual = 0.001891585324, Final residual = 0.0001283819408, No Iterations 2
smoothSolver:  Solving for k, Initial residual = 0.02979824132, Final residual = 0.00242190091, No Iterations 2
bounding k, min: -0.01396378389 max: 1.414181917 average: 0.2641930063
ExecutionTime = 17.28739 s  ClockTime = 17 s

Time = 18s

smoothSolver:  Solving for Ux, Initial residual = 0.01631545992, Final residual = 0.001051705166, No Iterations 3
smoothSolver:  Solving for Uy, Initial residual = 0.01270313474, Final residual = 0.0007500140192, No Iterations 3
smoothSolver:  Solving for Uz, Initial residual = 0.01570796552, Final residual = 0.0009702207232, No Iterations 3
GAMG:  Solving for p, Initial residual = 0.07051850194, Final residual = 0.0004391600448, No Iterations 4
time step continuity errors : sum local = 0.0001504759702, global = 1.887085457e-05, cumulative = -0.0004569073572
smoothSolver:  Solving for omega, Initial residual = 0.001790578324, Final residual = 0.0001206988465, No Iterations 2
smoothSolver:  Solving for k, Initial residual = 0.02826816994, Final residual = 0.002305962345, No Iterations 2
bounding k, min: -0.02257127213 max: 1.385164924 average: 0.2603291711
ExecutionTime = 18.427031 s  ClockTime = 18 s

Time = 19s

smoothSolver:  Solving for Ux, Initial residual = 0.01587311049, Final residual = 0.0008770636912, No Iterations 3
smoothSolver:  Solving for Uy, Initial residual = 0.01235383253, Final residual = 0.0005954879616, No Iterations 3
smoothSolver:  Solving for Uz, Initial residual = 0.01362176138, Final residual = 0.0007028905576, No Iterations 3
GAMG:  Solving for p, Initial residual = 0.06098478083, Final residual = 0.0005057734546, No Iterations 4
time step continuity errors : sum local = 0.0001857471443, global = 3.934807931e-05, cumulative = -0.0004175592779
smoothSolver:  Solving for omega, Initial residual = 0.001707911288, Final residual = 0.0001146462094, No Iterations 2
smoothSolver:  Solving for k, Initial residual = 0.02702256662, Final residual = 0.002193028197, No Iterations 2
bounding k, min: -0.0102833489 max: 1.332114079 average: 0.2565326701
ExecutionTime = 20.177161 s  ClockTime = 20 s

Time = 20s

smoothSolver:  Solving for Ux, Initial residual = 0.01604844467, Final residual = 0.0007883125031, No Iterations 3
smoothSolver:  Solving for Uy, Initial residual = 0.01326828181, Final residual = 0.0006682100646, No Iterations 3
smoothSolver:  Solving for Uz, Initial residual = 0.01322272096, Final residual = 0.0007334531104, No Iterations 3
GAMG:  Solving for p, Initial residual = 0.0540739094, Final residual = 0.0003905998948, No Iterations 4
time step continuity errors : sum local = 0.0001488872313, global = -3.21420192e-05, cumulative = -0.0004497012971
smoothSolver:  Solving for omega, Initial residual = 0.001632805232, Final residual = 0.0001085191648, No Iterations 2
smoothSolver:  Solving for k, Initial residual = 0.02591793017, Final residual = 0.002087208615, No Iterations 2
bounding k, min: -0.02299723045 max: 1.258824945 average: 0.2528020136
ExecutionTime = 22.097177 s  ClockTime = 22 s

Time = 21s

smoothSolver:  Solving for Ux, Initial residual = 0.01524298515, Final residual = 0.0007174304391, No Iterations 3
smoothSolver:  Solving for Uy, Initial residual = 0.01344792022, Final residual = 0.0007368129593, No Iterations 3
smoothSolver:  Solving for Uz, Initial residual = 0.01375439949, Final residual = 0.0009007422226, No Iterations 3
GAMG:  Solving for p, Initial residual = 0.04877570627, Final residual = 0.000238612166, No Iterations 4
time step continuity errors : sum local = 9.169778806e-05, global = -1.237002684e-05, cumulative = -0.000462071324
smoothSolver:  Solving for omega, Initial residual = 0.001573960597, Final residual = 0.0001034467511, No Iterations 2
smoothSolver:  Solving for k, Initial residual = 0.02493884906, Final residual = 0.001997607259, No Iterations 2
bounding k, min: -0.02975013999 max: 1.174953355 average: 0.2491391092
ExecutionTime = 23.903175 s  ClockTime = 23 s

Time = 22s

smoothSolver:  Solving for Ux, Initial residual = 0.01368467253, Final residual = 0.0006497209158, No Iterations 3
smoothSolver:  Solving for Uy, Initial residual = 0.01233654649, Final residual = 0.0007114156431, No Iterations 3
smoothSolver:  Solving for Uz, Initial residual = 0.01372227463, Final residual = 0.0009681500627, No Iterations 3
GAMG:  Solving for p, Initial residual = 0.04492248848, Final residual = 0.0004175906571, No Iterations 3
time step continuity errors : sum local = 0.0001586346346, global = 1.464002828e-05, cumulative = -0.0004474312957
smoothSolver:  Solving for omega, Initial residual = 0.00151071296, Final residual = 9.818159167e-05, No Iterations 2
smoothSolver:  Solving for k, Initial residual = 0.02403899639, Final residual = 0.001911396041, No Iterations 2
bounding k, min: -0.01266298445 max: 1.089984578 average: 0.2455416959
ExecutionTime = 24.689817 s  ClockTime = 24 s

Time = 23s

smoothSolver:  Solving for Ux, Initial residual = 0.01214669944, Final residual = 0.0006026859822, No Iterations 3
smoothSolver:  Solving for Uy, Initial residual = 0.01078788659, Final residual = 0.0006311351285, No Iterations 3
smoothSolver:  Solving for Uz, Initial residual = 0.01255385761, Final residual = 0.0009043730448, No Iterations 3
GAMG:  Solving for p, Initial residual = 0.04210213989, Final residual = 0.0001637372327, No Iterations 4
time step continuity errors : sum local = 6.082358594e-05, global = -7.874413234e-06, cumulative = -0.0004553057089
smoothSolver:  Solving for omega, Initial residual = 0.001464030749, Final residual = 9.374778092e-05, No Iterations 2
smoothSolver:  Solving for k, Initial residual = 0.02312062144, Final residual = 0.00183258907, No Iterations 2
bounding k, min: -0.03121627502 max: 1.004632105 average: 0.2420133636
ExecutionTime = 25.767881 s  ClockTime = 25 s

Time = 24s

smoothSolver:  Solving for Ux, Initial residual = 0.01124532803, Final residual = 0.0005916989936, No Iterations 3
smoothSolver:  Solving for Uy, Initial residual = 0.009644479449, Final residual = 0.0005690021162, No Iterations 3
smoothSolver:  Solving for Uz, Initial residual = 0.01081299619, Final residual = 0.0007597686807, No Iterations 3
GAMG:  Solving for p, Initial residual = 0.03992916676, Final residual = 0.0002580559874, No Iterations 4
time step continuity errors : sum local = 9.338538434e-05, global = -1.975515627e-05, cumulative = -0.0004750608652
smoothSolver:  Solving for omega, Initial residual = 0.001417033845, Final residual = 8.908992968e-05, No Iterations 2
smoothSolver:  Solving for k, Initial residual = 0.02225988056, Final residual = 0.001756271617, No Iterations 2
bounding k, min: -0.01640104189 max: 0.9298623157 average: 0.2385535877
ExecutionTime = 26.776387 s  ClockTime = 26 s

Time = 25s

smoothSolver:  Solving for Ux, Initial residual = 0.01070941573, Final residual = 0.0005976392883, No Iterations 3
smoothSolver:  Solving for Uy, Initial residual = 0.008800010453, Final residual = 0.0005343677492, No Iterations 3
smoothSolver:  Solving for Uz, Initial residual = 0.009217007158, Final residual = 0.0006111771107, No Iterations 3
GAMG:  Solving for p, Initial residual = 0.03807374695, Final residual = 0.0002560708824, No Iterations 4
time step continuity errors : sum local = 9.066460596e-05, global = -2.072033478e-05, cumulative = -0.0004957812
smoothSolver:  Solving for omega, Initial residual = 0.001379412668, Final residual = 8.54230669e-05, No Iterations 2
smoothSolver:  Solving for k, Initial residual = 0.02139814107, Final residual = 0.001689875816, No Iterations 2
bounding k, min: -0.02627280467 max: 0.8872675609 average: 0.2351678961
ExecutionTime = 27.793068 s  ClockTime = 27 s

Time = 26s

smoothSolver:  Solving for Ux, Initial residual = 0.01018450461, Final residual = 0.0005995565255, No Iterations 3
smoothSolver:  Solving for Uy, Initial residual = 0.008026617081, Final residual = 0.0005038138768, No Iterations 3
smoothSolver:  Solving for Uz, Initial residual = 0.00801836473, Final residual = 0.0005013348692, No Iterations 3
GAMG:  Solving for p, Initial residual = 0.03615144391, Final residual = 0.0001572192723, No Iterations 4
time step continuity errors : sum local = 5.491772877e-05, global = 9.46610964e-06, cumulative = -0.0004863150903
smoothSolver:  Solving for omega, Initial residual = 0.001341318302, Final residual = 8.125749159e-05, No Iterations 2
smoothSolver:  Solving for k, Initial residual = 0.0205815921, Final residual = 0.001628835782, No Iterations 2
bounding k, min: -0.02031569276 max: 0.8502869836 average: 0.2318516671
ExecutionTime = 28.901197 s  ClockTime = 31 s

Time = 27s

smoothSolver:  Solving for Ux, Initial residual = 0.009527986513, Final residual = 0.0005862202826, No Iterations 3
smoothSolver:  Solving for Uy, Initial residual = 0.007257389345, Final residual = 0.0004644618725, No Iterations 3
smoothSolver:  Solving for Uz, Initial residual = 0.007206777111, Final residual = 0.0004371188588, No Iterations 3
GAMG:  Solving for p, Initial residual = 0.03400173129, Final residual = 0.0001123994259, No Iterations 4
time step continuity errors : sum local = 3.91068763e-05, global = 4.425998034e-06, cumulative = -0.0004818890923
smoothSolver:  Solving for omega, Initial residual = 0.001311022724, Final residual = 7.866406785e-05, No Iterations 2
smoothSolver:  Solving for k, Initial residual = 0.01982019047, Final residual = 0.001563517752, No Iterations 2
bounding k, min: -0.01665387086 max: 0.8170756213 average: 0.2286194894
ExecutionTime = 29.847779 s  ClockTime = 31 s

Time = 28s

smoothSolver:  Solving for Ux, Initial residual = 0.008830143643, Final residual = 0.0005581167589, No Iterations 3
smoothSolver:  Solving for Uy, Initial residual = 0.006563044167, Final residual = 0.0004188316426, No Iterations 3
smoothSolver:  Solving for Uz, Initial residual = 0.006697690117, Final residual = 0.0004022776704, No Iterations 3
GAMG:  Solving for p, Initial residual = 0.03185620297, Final residual = 0.0003026809755, No Iterations 3
time step continuity errors : sum local = 0.0001056584462, global = -2.509020489e-05, cumulative = -0.0005069792972
smoothSolver:  Solving for omega, Initial residual = 0.001281158223, Final residual = 7.536905291e-05, No Iterations 2
smoothSolver:  Solving for k, Initial residual = 0.01906107792, Final residual = 0.001497245785, No Iterations 2
bounding k, min: -0.02099902465 max: 0.7855617722 average: 0.2254657636
ExecutionTime = 30.653858 s  ClockTime = 32 s

Time = 29s

smoothSolver:  Solving for Ux, Initial residual = 0.008221393686, Final residual = 0.0005221785942, No Iterations 3
smoothSolver:  Solving for Uy, Initial residual = 0.006082146131, Final residual = 0.0003739184046, No Iterations 3
smoothSolver:  Solving for Uz, Initial residual = 0.006384056997, Final residual = 0.0003816393347, No Iterations 3
GAMG:  Solving for p, Initial residual = 0.02994203707, Final residual = 0.00012574327, No Iterations 4
time step continuity errors : sum local = 4.421849806e-05, global = 8.425011377e-06, cumulative = -0.0004985542858
smoothSolver:  Solving for omega, Initial residual = 0.001256865002, Final residual = 7.286151638e-05, No Iterations 2
smoothSolver:  Solving for k, Initial residual = 0.01837805292, Final residual = 0.001437218401, No Iterations 2
bounding k, min: -0.01229803692 max: 0.772579588 average: 0.2224012379
ExecutionTime = 31.744046 s  ClockTime = 33 s

Time = 30s

smoothSolver:  Solving for Ux, Initial residual = 0.007752299251, Final residual = 0.000484276785, No Iterations 3
smoothSolver:  Solving for Uy, Initial residual = 0.005822473359, Final residual = 0.0003388271308, No Iterations 3
smoothSolver:  Solving for Uz, Initial residual = 0.006243486857, Final residual = 0.0003752486869, No Iterations 3
GAMG:  Solving for p, Initial residual = 0.02819484605, Final residual = 0.0001416827157, No Iterations 4
time step continuity errors : sum local = 5.028933553e-05, global = 1.170194489e-05, cumulative = -0.0004868523409
smoothSolver:  Solving for omega, Initial residual = 0.001231465249, Final residual = 7.039409684e-05, No Iterations 2
smoothSolver:  Solving for k, Initial residual = 0.01769248682, Final residual = 0.001385994007, No Iterations 2
bounding k, min: -0.01987662554 max: 0.7617533734 average: 0.2194144021
ExecutionTime = 32.438795 s  ClockTime = 34 s

Time = 31s

smoothSolver:  Solving for Ux, Initial residual = 0.00738914241, Final residual = 0.000448561463, No Iterations 3
smoothSolver:  Solving for Uy, Initial residual = 0.005669659151, Final residual = 0.0003167557894, No Iterations 3
smoothSolver:  Solving for Uz, Initial residual = 0.006230330005, Final residual = 0.0003844932864, No Iterations 3
GAMG:  Solving for p, Initial residual = 0.02668728222, Final residual = 0.0001316682862, No Iterations 4
time step continuity errors : sum local = 4.713999226e-05, global = 1.100025616e-05, cumulative = -0.0004758520847
smoothSolver:  Solving for omega, Initial residual = 0.001209897264, Final residual = 6.81109338e-05, No Iterations 2
smoothSolver:  Solving for k, Initial residual = 0.01702924337, Final residual = 0.001336049051, No Iterations 2
bounding k, min: -0.0123273246 max: 0.7451052957 average: 0.2165253139
ExecutionTime = 33.070214 s  ClockTime = 34 s

Time = 32s

smoothSolver:  Solving for Ux, Initial residual = 0.007075106626, Final residual = 0.0004171987347, No Iterations 3
smoothSolver:  Solving for Uy, Initial residual = 0.005527339106, Final residual = 0.00030386547, No Iterations 3
smoothSolver:  Solving for Uz, Initial residual = 0.006269290472, Final residual = 0.000401286669, No Iterations 3
GAMG:  Solving for p, Initial residual = 0.02535473935, Final residual = 8.534924837e-05, No Iterations 4
time step continuity errors : sum local = 3.07463729e-05, global = 3.421337283e-06, cumulative = -0.0004724307475
smoothSolver:  Solving for omega, Initial residual = 0.001187283134, Final residual = 6.603129071e-05, No Iterations 2
smoothSolver:  Solving for k, Initial residual = 0.01638098561, Final residual = 0.001282052257, No Iterations 2
bounding k, min: -0.01870334697 max: 0.7289568741 average: 0.2137172153
ExecutionTime = 34.107426 s  ClockTime = 35 s

Time = 33s

smoothSolver:  Solving for Ux, Initial residual = 0.006771133182, Final residual = 0.0003904111155, No Iterations 3
smoothSolver:  Solving for Uy, Initial residual = 0.005355659061, Final residual = 0.0002953123271, No Iterations 3
smoothSolver:  Solving for Uz, Initial residual = 0.00626794665, Final residual = 0.0004146993693, No Iterations 3
GAMG:  Solving for p, Initial residual = 0.02412750975, Final residual = 7.353689443e-05, No Iterations 4
time step continuity errors : sum local = 2.657803478e-05, global = -3.540052632e-06, cumulative = -0.0004759708001
smoothSolver:  Solving for omega, Initial residual = 0.001168565388, Final residual = 6.385915093e-05, No Iterations 2
smoothSolver:  Solving for k, Initial residual = 0.01576142901, Final residual = 0.001221807428, No Iterations 2
bounding k, min: -0.0123037165 max: 0.71470235 average: 0.2110114672
ExecutionTime = 35.031263 s  ClockTime = 36 s

Time = 34s

smoothSolver:  Solving for Ux, Initial residual = 0.006454582242, Final residual = 0.0003676140512, No Iterations 3
smoothSolver:  Solving for Uy, Initial residual = 0.005152857958, Final residual = 0.0002877610915, No Iterations 3
smoothSolver:  Solving for Uz, Initial residual = 0.006165720291, Final residual = 0.0004184351902, No Iterations 3
GAMG:  Solving for p, Initial residual = 0.02298569884, Final residual = 7.15567385e-05, No Iterations 4
time step continuity errors : sum local = 2.587281623e-05, global = 7.814598197e-07, cumulative = -0.0004751893403
smoothSolver:  Solving for omega, Initial residual = 0.001150126154, Final residual = 6.208770146e-05, No Iterations 2
smoothSolver:  Solving for k, Initial residual = 0.01510887321, Final residual = 0.001178251977, No Iterations 2
bounding k, min: -0.01782729779 max: 0.7030164702 average: 0.2083950415
ExecutionTime = 36.035973 s  ClockTime = 37 s

Time = 35s

smoothSolver:  Solving for Ux, Initial residual = 0.006127348774, Final residual = 0.0003479284931, No Iterations 3
smoothSolver:  Solving for Uy, Initial residual = 0.004936070378, Final residual = 0.000279835257, No Iterations 3
smoothSolver:  Solving for Uz, Initial residual = 0.005957387248, Final residual = 0.0004105978261, No Iterations 3
GAMG:  Solving for p, Initial residual = 0.02195002984, Final residual = 0.0002052539478, No Iterations 3
time step continuity errors : sum local = 7.409805405e-05, global = 2.074938381e-06, cumulative = -0.0004731144019
smoothSolver:  Solving for omega, Initial residual = 0.001133791961, Final residual = 6.050941502e-05, No Iterations 2
smoothSolver:  Solving for k, Initial residual = 0.01451347502, Final residual = 0.001123214958, No Iterations 2
bounding k, min: -0.01424882595 max: 0.6918177598 average: 0.2058827508
ExecutionTime = 37.29424 s  ClockTime = 38 s

Time = 36s

smoothSolver:  Solving for Ux, Initial residual = 0.0057904339, Final residual = 0.0003305616882, No Iterations 3
smoothSolver:  Solving for Uy, Initial residual = 0.004723221573, Final residual = 0.0002713145604, No Iterations 3
smoothSolver:  Solving for Uz, Initial residual = 0.005681265448, Final residual = 0.0003933535974, No Iterations 3
GAMG:  Solving for p, Initial residual = 0.0210632496, Final residual = 0.00018311158, No Iterations 3
time step continuity errors : sum local = 6.591842059e-05, global = 3.371815515e-06, cumulative = -0.0004697425864
smoothSolver:  Solving for omega, Initial residual = 0.001114599686, Final residual = 5.886555357e-05, No Iterations 2
smoothSolver:  Solving for k, Initial residual = 0.01388942195, Final residual = 0.001075169883, No Iterations 2
bounding k, min: -0.0170192763 max: 0.6832028537 average: 0.2034598454
ExecutionTime = 38.087261 s  ClockTime = 39 s

Time = 37s

smoothSolver:  Solving for Ux, Initial residual = 0.005465509858, Final residual = 0.0003145459745, No Iterations 3
smoothSolver:  Solving for Uy, Initial residual = 0.004521004001, Final residual = 0.0002622966289, No Iterations 3
smoothSolver:  Solving for Uz, Initial residual = 0.005378041551, Final residual = 0.0003713895817, No Iterations 3
GAMG:  Solving for p, Initial residual = 0.02028312155, Final residual = 0.0001695099664, No Iterations 3
time step continuity errors : sum local = 6.082660364e-05, global = 2.890833694e-06, cumulative = -0.0004668517527
smoothSolver:  Solving for omega, Initial residual = 0.001099377024, Final residual = 5.752942842e-05, No Iterations 2
smoothSolver:  Solving for k, Initial residual = 0.01329687003, Final residual = 0.001027587627, No Iterations 2
bounding k, min: -0.01631659659 max: 0.6764135511 average: 0.2011432598
ExecutionTime = 40.530686 s  ClockTime = 42 s

Time = 38s

smoothSolver:  Solving for Ux, Initial residual = 0.005156547825, Final residual = 0.0002993388921, No Iterations 3
smoothSolver:  Solving for Uy, Initial residual = 0.004327849447, Final residual = 0.0002524892802, No Iterations 3
smoothSolver:  Solving for Uz, Initial residual = 0.005085554169, Final residual = 0.000348833458, No Iterations 3
GAMG:  Solving for p, Initial residual = 0.01956769778, Final residual = 0.0001616400473, No Iterations 3
time step continuity errors : sum local = 5.782241471e-05, global = 3.533283708e-06, cumulative = -0.000463318469
smoothSolver:  Solving for omega, Initial residual = 0.001082457929, Final residual = 5.602311254e-05, No Iterations 2
smoothSolver:  Solving for k, Initial residual = 0.01270022498, Final residual = 0.0009853713165, No Iterations 2
bounding k, min: -0.01605614986 max: 0.6719825628 average: 0.1989194207
ExecutionTime = 41.657873 s  ClockTime = 43 s

Time = 39s

smoothSolver:  Solving for Ux, Initial residual = 0.004864766051, Final residual = 0.000284424359, No Iterations 3
smoothSolver:  Solving for Uy, Initial residual = 0.0041497826, Final residual = 0.0002420466414, No Iterations 3
smoothSolver:  Solving for Uz, Initial residual = 0.004830512226, Final residual = 0.0003286694518, No Iterations 3
GAMG:  Solving for p, Initial residual = 0.01886429044, Final residual = 0.0001541615899, No Iterations 3
time step continuity errors : sum local = 5.500478747e-05, global = 2.286938738e-06, cumulative = -0.0004610315302
smoothSolver:  Solving for omega, Initial residual = 0.001066360725, Final residual = 5.450128061e-05, No Iterations 2
smoothSolver:  Solving for k, Initial residual = 0.01214033688, Final residual = 0.0009286466998, No Iterations 2
bounding k, min: -0.0167512914 max: 0.6679516614 average: 0.1968011955
ExecutionTime = 42.998678 s  ClockTime = 44 s

Time = 40s

smoothSolver:  Solving for Ux, Initial residual = 0.004591253119, Final residual = 0.0002698580324, No Iterations 3
smoothSolver:  Solving for Uy, Initial residual = 0.003987627649, Final residual = 0.0002314702056, No Iterations 3
smoothSolver:  Solving for Uz, Initial residual = 0.00462451469, Final residual = 0.0003123869643, No Iterations 3
GAMG:  Solving for p, Initial residual = 0.0181907461, Final residual = 0.0001461050742, No Iterations 3
time step continuity errors : sum local = 5.202020582e-05, global = -3.659361944e-07, cumulative = -0.0004613974664
smoothSolver:  Solving for omega, Initial residual = 0.00105115137, Final residual = 5.325789464e-05, No Iterations 2
smoothSolver:  Solving for k, Initial residual = 0.01158525145, Final residual = 0.0008942725544, No Iterations 2
bounding k, min: -0.01544433377 max: 0.6650818696 average: 0.1947683379
ExecutionTime = 44.073996 s  ClockTime = 45 s

Time = 41s

smoothSolver:  Solving for Ux, Initial residual = 0.004338029524, Final residual = 0.000255737105, No Iterations 3
smoothSolver:  Solving for Uy, Initial residual = 0.00384140827, Final residual = 0.0002215399554, No Iterations 3
smoothSolver:  Solving for Uz, Initial residual = 0.004466895597, Final residual = 0.0003002564406, No Iterations 3
GAMG:  Solving for p, Initial residual = 0.01756145827, Final residual = 0.0001368064471, No Iterations 3
time step continuity errors : sum local = 4.863070999e-05, global = 2.541367065e-06, cumulative = -0.0004588560994
smoothSolver:  Solving for omega, Initial residual = 0.001035715412, Final residual = 5.194508099e-05, No Iterations 2
smoothSolver:  Solving for k, Initial residual = 0.01105071418, Final residual = 0.0008486045798, No Iterations 2
bounding k, min: -0.01655026252 max: 0.6618698855 average: 0.1928340463
ExecutionTime = 45.380884 s  ClockTime = 46 s

Time = 42s

smoothSolver:  Solving for Ux, Initial residual = 0.004114685549, Final residual = 0.0002421427073, No Iterations 3
smoothSolver:  Solving for Uy, Initial residual = 0.003710569347, Final residual = 0.0002125825659, No Iterations 3
smoothSolver:  Solving for Uz, Initial residual = 0.004347941454, Final residual = 0.0002916233139, No Iterations 3
GAMG:  Solving for p, Initial residual = 0.0169672976, Final residual = 0.0001236000451, No Iterations 3
time step continuity errors : sum local = 4.388519829e-05, global = 2.790259336e-06, cumulative = -0.00045606584
smoothSolver:  Solving for omega, Initial residual = 0.001019790749, Final residual = 5.035408563e-05, No Iterations 2
smoothSolver:  Solving for k, Initial residual = 0.01052499865, Final residual = 0.0008116017658, No Iterations 2
bounding k, min: -0.01485069778 max: 0.6586259264 average: 0.1909833808
ExecutionTime = 46.420623 s  ClockTime = 47 s

Time = 43s

smoothSolver:  Solving for Ux, Initial residual = 0.003915617434, Final residual = 0.0002292808249, No Iterations 3
smoothSolver:  Solving for Uy, Initial residual = 0.003591035365, Final residual = 0.0002047526708, No Iterations 3
smoothSolver:  Solving for Uz, Initial residual = 0.004249339299, Final residual = 0.0002850215085, No Iterations 3
GAMG:  Solving for p, Initial residual = 0.01640403493, Final residual = 0.000116722635, No Iterations 3
time step continuity errors : sum local = 4.141016995e-05, global = 2.696384591e-06, cumulative = -0.0004533694554
smoothSolver:  Solving for omega, Initial residual = 0.00100510907, Final residual = 4.941534285e-05, No Iterations 2
smoothSolver:  Solving for k, Initial residual = 0.01004489616, Final residual = 0.0007663708904, No Iterations 2
bounding k, min: -0.01595754134 max: 0.6549855206 average: 0.1892223846
ExecutionTime = 47.322145 s  ClockTime = 48 s

Time = 44s

smoothSolver:  Solving for Ux, Initial residual = 0.003729935407, Final residual = 0.0002173972429, No Iterations 3
smoothSolver:  Solving for Uy, Initial residual = 0.00347435887, Final residual = 0.000197857575, No Iterations 3
smoothSolver:  Solving for Uz, Initial residual = 0.004152042572, Final residual = 0.0002792473702, No Iterations 3
GAMG:  Solving for p, Initial residual = 0.01585748329, Final residual = 0.0001171373292, No Iterations 3
time step continuity errors : sum local = 4.152172711e-05, global = 2.556056381e-06, cumulative = -0.0004508133991
smoothSolver:  Solving for omega, Initial residual = 0.0009903557946, Final residual = 4.786856877e-05, No Iterations 2
smoothSolver:  Solving for k, Initial residual = 0.00955869934, Final residual = 0.0007371570583, No Iterations 2
bounding k, min: -0.01443307686 max: 0.6514195865 average: 0.1875413554
ExecutionTime = 48.053835 s  ClockTime = 49 s

Time = 45s

smoothSolver:  Solving for Ux, Initial residual = 0.003551305967, Final residual = 0.0002063917598, No Iterations 3
smoothSolver:  Solving for Uy, Initial residual = 0.003361162351, Final residual = 0.0001917864128, No Iterations 3
smoothSolver:  Solving for Uz, Initial residual = 0.004044393903, Final residual = 0.0002732900704, No Iterations 3
GAMG:  Solving for p, Initial residual = 0.01532967094, Final residual = 0.0001193394695, No Iterations 3
time step continuity errors : sum local = 4.225955278e-05, global = 7.204216303e-07, cumulative = -0.0004500929774
smoothSolver:  Solving for omega, Initial residual = 0.0009761544649, Final residual = 4.705386732e-05, No Iterations 2
smoothSolver:  Solving for k, Initial residual = 0.009102953049, Final residual = 0.0006948316113, No Iterations 2
bounding k, min: -0.0155346818 max: 0.6475316746 average: 0.1859463677
ExecutionTime = 49.016047 s  ClockTime = 49 s

Time = 46s

smoothSolver:  Solving for Ux, Initial residual = 0.003379032971, Final residual = 0.0001961579296, No Iterations 3
smoothSolver:  Solving for Uy, Initial residual = 0.003248659533, Final residual = 0.0001862800203, No Iterations 3
smoothSolver:  Solving for Uz, Initial residual = 0.003922945462, Final residual = 0.0002666562385, No Iterations 3
GAMG:  Solving for p, Initial residual = 0.01480485692, Final residual = 0.000115998411, No Iterations 3
time step continuity errors : sum local = 4.101866195e-05, global = -2.412870239e-06, cumulative = -0.0004525058477
smoothSolver:  Solving for omega, Initial residual = 0.0009609750028, Final residual = 4.520734994e-05, No Iterations 2
smoothSolver:  Solving for k, Initial residual = 0.008662954206, Final residual = 0.0006673829355, No Iterations 2
bounding k, min: -0.0140605681 max: 0.6428121888 average: 0.1844217572
ExecutionTime = 49.826057 s  ClockTime = 50 s

Time = 47s

smoothSolver:  Solving for Ux, Initial residual = 0.003210313069, Final residual = 0.0001866776987, No Iterations 3
smoothSolver:  Solving for Uy, Initial residual = 0.003138052495, Final residual = 0.0001809776339, No Iterations 3
smoothSolver:  Solving for Uz, Initial residual = 0.003789623419, Final residual = 0.0002590784073, No Iterations 3
GAMG:  Solving for p, Initial residual = 0.01430027434, Final residual = 0.0001114557526, No Iterations 3
time step continuity errors : sum local = 3.934786451e-05, global = -3.466511095e-06, cumulative = -0.0004559723588
smoothSolver:  Solving for omega, Initial residual = 0.0009477549847, Final residual = 4.449066626e-05, No Iterations 2
smoothSolver:  Solving for k, Initial residual = 0.008247348835, Final residual = 0.0006325978709, No Iterations 2
bounding k, min: -0.01539164973 max: 0.638129482 average: 0.1829759125
ExecutionTime = 51.037447 s  ClockTime = 51 s

Time = 48s

smoothSolver:  Solving for Ux, Initial residual = 0.003046803583, Final residual = 0.0001779012909, No Iterations 3
smoothSolver:  Solving for Uy, Initial residual = 0.003029624783, Final residual = 0.000175643708, No Iterations 3
smoothSolver:  Solving for Uz, Initial residual = 0.003646237996, Final residual = 0.0002505598866, No Iterations 3
GAMG:  Solving for p, Initial residual = 0.01382790969, Final residual = 0.0001075496027, No Iterations 3
time step continuity errors : sum local = 3.78996989e-05, global = -3.011124503e-06, cumulative = -0.0004589834833
smoothSolver:  Solving for omega, Initial residual = 0.0009333728893, Final residual = 4.280222633e-05, No Iterations 2
smoothSolver:  Solving for k, Initial residual = 0.007836130365, Final residual = 0.0006053134578, No Iterations 2
bounding k, min: -0.01375528269 max: 0.633460028 average: 0.1815955656
ExecutionTime = 51.888287 s  ClockTime = 52 s

Time = 49s

smoothSolver:  Solving for Ux, Initial residual = 0.002893058941, Final residual = 0.0001697650132, No Iterations 3
smoothSolver:  Solving for Uy, Initial residual = 0.002923983288, Final residual = 0.0001701978308, No Iterations 3
smoothSolver:  Solving for Uz, Initial residual = 0.003500368024, Final residual = 0.0002413932475, No Iterations 3
GAMG:  Solving for p, Initial residual = 0.01337473312, Final residual = 0.0001037891966, No Iterations 3
time step continuity errors : sum local = 3.650532135e-05, global = -2.481211814e-06, cumulative = -0.0004614646951
smoothSolver:  Solving for omega, Initial residual = 0.000920346513, Final residual = 4.206244234e-05, No Iterations 2
smoothSolver:  Solving for k, Initial residual = 0.007455394602, Final residual = 0.0005726648829, No Iterations 2
bounding k, min: -0.01544408789 max: 0.629029219 average: 0.1802891706
ExecutionTime = 53.453618 s  ClockTime = 54 s

Time = 50s

smoothSolver:  Solving for Ux, Initial residual = 0.002748639784, Final residual = 0.0001621131685, No Iterations 3
smoothSolver:  Solving for Uy, Initial residual = 0.002822169484, Final residual = 0.0001646243665, No Iterations 3
smoothSolver:  Solving for Uz, Initial residual = 0.003356214398, Final residual = 0.0002317519688, No Iterations 3
GAMG:  Solving for p, Initial residual = 0.01293493208, Final residual = 9.980110252e-05, No Iterations 3
time step continuity errors : sum local = 3.503897646e-05, global = -1.90752699e-06, cumulative = -0.0004633722221
smoothSolver:  Solving for omega, Initial residual = 0.0009068109271, Final residual = 4.052315002e-05, No Iterations 2
smoothSolver:  Solving for k, Initial residual = 0.007085939098, Final residual = 0.0005475929879, No Iterations 2
bounding k, min: -0.01352692649 max: 0.6250622996 average: 0.1790424576
ExecutionTime = 54.542063 s  ClockTime = 55 s

Time = 51s

smoothSolver:  Solving for Ux, Initial residual = 0.002615284253, Final residual = 0.0001547997751, No Iterations 3
smoothSolver:  Solving for Uy, Initial residual = 0.002724333532, Final residual = 0.0001590002214, No Iterations 3
smoothSolver:  Solving for Uz, Initial residual = 0.003218435614, Final residual = 0.0002220354182, No Iterations 3
GAMG:  Solving for p, Initial residual = 0.01252307776, Final residual = 9.612668428e-05, No Iterations 3
time step continuity errors : sum local = 3.3693786e-05, global = -1.065725198e-06, cumulative = -0.0004644379473
smoothSolver:  Solving for omega, Initial residual = 0.0008948187566, Final residual = 3.98883257e-05, No Iterations 2
smoothSolver:  Solving for k, Initial residual = 0.006741917638, Final residual = 0.0005180930454, No Iterations 2
bounding k, min: -0.01550523519 max: 0.6215502533 average: 0.1778638545
ExecutionTime = 55.537082 s  ClockTime = 56 s

Time = 52s

smoothSolver:  Solving for Ux, Initial residual = 0.002490927325, Final residual = 0.0001478855676, No Iterations 3
smoothSolver:  Solving for Uy, Initial residual = 0.002629915066, Final residual = 0.0001533565642, No Iterations 3
smoothSolver:  Solving for Uz, Initial residual = 0.003089210482, Final residual = 0.0002124460806, No Iterations 3
GAMG:  Solving for p, Initial residual = 0.01211404029, Final residual = 9.30250798e-05, No Iterations 3
time step continuity errors : sum local = 3.255443742e-05, global = -1.606899671e-07, cumulative = -0.0004645986372
smoothSolver:  Solving for omega, Initial residual = 0.0008827006605, Final residual = 3.844511166e-05, No Iterations 2
smoothSolver:  Solving for k, Initial residual = 0.006408383646, Final residual = 0.000495480294, No Iterations 2
bounding k, min: -0.01333422015 max: 0.618708745 average: 0.1767377997
ExecutionTime = 56.380984 s  ClockTime = 56 s

Time = 53s

smoothSolver:  Solving for Ux, Initial residual = 0.002373255772, Final residual = 0.0001413388637, No Iterations 3
smoothSolver:  Solving for Uy, Initial residual = 0.002539220731, Final residual = 0.0001478972628, No Iterations 3
smoothSolver:  Solving for Uz, Initial residual = 0.002968251085, Final residual = 0.0002030306861, No Iterations 3
GAMG:  Solving for p, Initial residual = 0.01172503101, Final residual = 8.959393213e-05, No Iterations 3
time step continuity errors : sum local = 3.131053975e-05, global = 3.868926916e-07, cumulative = -0.0004642117445
smoothSolver:  Solving for omega, Initial residual = 0.0008719052561, Final residual = 3.782050299e-05, No Iterations 2
smoothSolver:  Solving for k, Initial residual = 0.006094702648, Final residual = 0.00046850014, No Iterations 2
bounding k, min: -0.01559593553 max: 0.6165349087 average: 0.1756739559
ExecutionTime = 58.360487 s  ClockTime = 58 s

Time = 54s

smoothSolver:  Solving for Ux, Initial residual = 0.002262127197, Final residual = 0.0001351468356, No Iterations 3
smoothSolver:  Solving for Uy, Initial residual = 0.002451708422, Final residual = 0.0001427205393, No Iterations 3
smoothSolver:  Solving for Uz, Initial residual = 0.002853427351, Final residual = 0.0001938831061, No Iterations 3
GAMG:  Solving for p, Initial residual = 0.01135878875, Final residual = 8.598709263e-05, No Iterations 3
time step continuity errors : sum local = 3.001180868e-05, global = 6.142780432e-07, cumulative = -0.0004635974665
smoothSolver:  Solving for omega, Initial residual = 0.0008597656563, Final residual = 3.640847747e-05, No Iterations 2
smoothSolver:  Solving for k, Initial residual = 0.005794970095, Final residual = 0.0004482526525, No Iterations 2
bounding k, min: -0.01320172725 max: 0.6147637125 average: 0.1746617562
ExecutionTime = 60.03619 s  ClockTime = 60 s

Time = 55s

smoothSolver:  Solving for Ux, Initial residual = 0.002157018404, Final residual = 0.0001293036627, No Iterations 3
smoothSolver:  Solving for Uy, Initial residual = 0.00236627692, Final residual = 0.0001378325406, No Iterations 3
smoothSolver:  Solving for Uz, Initial residual = 0.002743125467, Final residual = 0.0001849910746, No Iterations 3
GAMG:  Solving for p, Initial residual = 0.01100581559, Final residual = 8.244727363e-05, No Iterations 3
time step continuity errors : sum local = 2.874143973e-05, global = 7.066708941e-07, cumulative = -0.0004628907956
smoothSolver:  Solving for omega, Initial residual = 0.0008490209354, Final residual = 3.583170006e-05, No Iterations 2
smoothSolver:  Solving for k, Initial residual = 0.005507349371, Final residual = 0.0004238776637, No Iterations 2
bounding k, min: -0.01575239873 max: 0.6135687415 average: 0.1737042581
ExecutionTime = 60.823096 s  ClockTime = 60 s

Time = 56s

smoothSolver:  Solving for Ux, Initial residual = 0.002056812258, Final residual = 0.000123778837, No Iterations 3
smoothSolver:  Solving for Uy, Initial residual = 0.002282878286, Final residual = 0.0001331811673, No Iterations 3
smoothSolver:  Solving for Uz, Initial residual = 0.00263371478, Final residual = 0.0001761465498, No Iterations 3
GAMG:  Solving for p, Initial residual = 0.01066349812, Final residual = 7.906109518e-05, No Iterations 3
time step continuity errors : sum local = 2.752979242e-05, global = 7.162797471e-07, cumulative = -0.0004621745159
smoothSolver:  Solving for omega, Initial residual = 0.0008377729865, Final residual = 3.459647229e-05, No Iterations 2
smoothSolver:  Solving for k, Initial residual = 0.005237779089, Final residual = 0.0004050961753, No Iterations 2
bounding k, min: -0.01308088775 max: 0.6126472458 average: 0.1727941024
ExecutionTime = 61.687364 s  ClockTime = 61 s

Time = 57s

smoothSolver:  Solving for Ux, Initial residual = 0.001961594343, Final residual = 0.0001185722424, No Iterations 3
smoothSolver:  Solving for Uy, Initial residual = 0.002201238179, Final residual = 0.0001287036141, No Iterations 3
smoothSolver:  Solving for Uz, Initial residual = 0.002525274278, Final residual = 0.0001674353162, No Iterations 3
GAMG:  Solving for p, Initial residual = 0.01034256681, Final residual = 7.590794838e-05, No Iterations 3
time step continuity errors : sum local = 2.640495811e-05, global = 6.396987709e-07, cumulative = -0.0004615348171
smoothSolver:  Solving for omega, Initial residual = 0.0008283118407, Final residual = 3.408162412e-05, No Iterations 2
smoothSolver:  Solving for k, Initial residual = 0.004981251482, Final residual = 0.0003832397058, No Iterations 2
bounding k, min: -0.01605521612 max: 0.6121576064 average: 0.1719357332
ExecutionTime = 62.654218 s  ClockTime = 62 s

Time = 58s

smoothSolver:  Solving for Ux, Initial residual = 0.001871970851, Final residual = 0.0001136938126, No Iterations 3
smoothSolver:  Solving for Uy, Initial residual = 0.002121133079, Final residual = 0.0001243815611, No Iterations 3
smoothSolver:  Solving for Uz, Initial residual = 0.002416006683, Final residual = 0.0001587891905, No Iterations 3
GAMG:  Solving for p, Initial residual = 0.01000299392, Final residual = 7.280923153e-05, No Iterations 3
time step continuity errors : sum local = 2.529816704e-05, global = 4.733431184e-07, cumulative = -0.000461061474
smoothSolver:  Solving for omega, Initial residual = 0.0008180198363, Final residual = 3.291001867e-05, No Iterations 2
smoothSolver:  Solving for k, Initial residual = 0.00473318858, Final residual = 0.0003678742199, No Iterations 2
bounding k, min: -0.01304905273 max: 0.6103716793 average: 0.1711189271
ExecutionTime = 63.551481 s  ClockTime = 66 s

Time = 59s

smoothSolver:  Solving for Ux, Initial residual = 0.001786118729, Final residual = 0.0001088908578, No Iterations 3
smoothSolver:  Solving for Uy, Initial residual = 0.002042446094, Final residual = 0.0001201624303, No Iterations 3
smoothSolver:  Solving for Uz, Initial residual = 0.00230680148, Final residual = 0.0001501385187, No Iterations 3
GAMG:  Solving for p, Initial residual = 0.009674350817, Final residual = 6.994290243e-05, No Iterations 3
time step continuity errors : sum local = 2.427730669e-05, global = 2.530530166e-07, cumulative = -0.000460808421
smoothSolver:  Solving for omega, Initial residual = 0.0008097674619, Final residual = 3.250781912e-05, No Iterations 2
smoothSolver:  Solving for k, Initial residual = 0.004501547773, Final residual = 0.0003468719362, No Iterations 2
bounding k, min: -0.01348831059 max: 0.6060072634 average: 0.170349887
ExecutionTime = 64.385452 s  ClockTime = 66 s

Time = 60s

smoothSolver:  Solving for Ux, Initial residual = 0.001704026427, Final residual = 0.0001042755908, No Iterations 3
smoothSolver:  Solving for Uy, Initial residual = 0.001965487206, Final residual = 0.0001159630876, No Iterations 3
smoothSolver:  Solving for Uz, Initial residual = 0.002197178202, Final residual = 0.0001416466067, No Iterations 3
GAMG:  Solving for p, Initial residual = 0.009356751943, Final residual = 6.733135637e-05, No Iterations 3
time step continuity errors : sum local = 2.334706411e-05, global = 3.164998351e-08, cumulative = -0.000460776771
smoothSolver:  Solving for omega, Initial residual = 0.0008001784525, Final residual = 3.151916225e-05, No Iterations 2
smoothSolver:  Solving for k, Initial residual = 0.004280242484, Final residual = 0.0003338870798, No Iterations 2
bounding k, min: -0.01421970531 max: 0.6020145742 average: 0.1696178909
ExecutionTime = 65.173825 s  ClockTime = 67 s

Time = 61s

smoothSolver:  Solving for Ux, Initial residual = 0.001625724326, Final residual = 9.982562629e-05, No Iterations 3
smoothSolver:  Solving for Uy, Initial residual = 0.00188973272, Final residual = 0.0001117657043, No Iterations 3
smoothSolver:  Solving for Uz, Initial residual = 0.00209011488, Final residual = 0.000133457243, No Iterations 3
GAMG:  Solving for p, Initial residual = 0.009044868772, Final residual = 6.496415358e-05, No Iterations 3
time step continuity errors : sum local = 2.250319304e-05, global = -1.327611698e-07, cumulative = -0.0004609095321
smoothSolver:  Solving for omega, Initial residual = 0.00079284124, Final residual = 3.119341498e-05, No Iterations 2
smoothSolver:  Solving for k, Initial residual = 0.004070629994, Final residual = 0.0003159719533, No Iterations 2
bounding k, min: -0.01440279109 max: 0.5992577651 average: 0.1689280907
ExecutionTime = 65.851934 s  ClockTime = 68 s

Time = 62s

smoothSolver:  Solving for Ux, Initial residual = 0.001550886288, Final residual = 9.550060706e-05, No Iterations 3
smoothSolver:  Solving for Uy, Initial residual = 0.001816016472, Final residual = 0.0001075874875, No Iterations 3
smoothSolver:  Solving for Uz, Initial residual = 0.001985318253, Final residual = 0.0001256313427, No Iterations 3
GAMG:  Solving for p, Initial residual = 0.008741343194, Final residual = 6.284458944e-05, No Iterations 3
time step continuity errors : sum local = 2.174722262e-05, global = -2.172625648e-07, cumulative = -0.0004611267947
smoothSolver:  Solving for omega, Initial residual = 0.0007837652491, Final residual = 3.014745269e-05, No Iterations 2
smoothSolver:  Solving for k, Initial residual = 0.003874519629, Final residual = 0.0003028455162, No Iterations 2
bounding k, min: -0.01442812611 max: 0.5962131604 average: 0.1682709578
ExecutionTime = 67.09475 s  ClockTime = 69 s

Time = 63s

smoothSolver:  Solving for Ux, Initial residual = 0.001479022699, Final residual = 9.130654125e-05, No Iterations 3
smoothSolver:  Solving for Uy, Initial residual = 0.001743666612, Final residual = 0.0001033969067, No Iterations 3
smoothSolver:  Solving for Uz, Initial residual = 0.001884747031, Final residual = 0.0001181647451, No Iterations 3
GAMG:  Solving for p, Initial residual = 0.008452349435, Final residual = 6.088842935e-05, No Iterations 3
time step continuity errors : sum local = 2.105032304e-05, global = -2.315618571e-07, cumulative = -0.0004613583566
smoothSolver:  Solving for omega, Initial residual = 0.0007780121711, Final residual = 2.996657314e-05, No Iterations 2
smoothSolver:  Solving for k, Initial residual = 0.003684911654, Final residual = 0.0002855739367, No Iterations 2
bounding k, min: -0.01144987829 max: 0.5907891858 average: 0.1676526735
ExecutionTime = 67.937539 s  ClockTime = 70 s

Time = 64s

smoothSolver:  Solving for Ux, Initial residual = 0.001410578736, Final residual = 8.729609575e-05, No Iterations 3
smoothSolver:  Solving for Uy, Initial residual = 0.00167256577, Final residual = 9.919620063e-05, No Iterations 3
smoothSolver:  Solving for Uz, Initial residual = 0.001787356356, Final residual = 0.0001109949978, No Iterations 3
GAMG:  Solving for p, Initial residual = 0.008168295998, Final residual = 5.900954551e-05, No Iterations 3
time step continuity errors : sum local = 2.038174104e-05, global = -2.053951765e-07, cumulative = -0.0004615637517
smoothSolver:  Solving for omega, Initial residual = 0.0007701205962, Final residual = 2.918325251e-05, No Iterations 2
smoothSolver:  Solving for k, Initial residual = 0.003508649502, Final residual = 0.0002749714658, No Iterations 2
bounding k, min: -0.01685876229 max: 0.5817542582 average: 0.1670631891
ExecutionTime = 68.734577 s  ClockTime = 70 s

Time = 65s

smoothSolver:  Solving for Ux, Initial residual = 0.001344908283, Final residual = 8.342627894e-05, No Iterations 3
smoothSolver:  Solving for Uy, Initial residual = 0.001602637107, Final residual = 9.500504502e-05, No Iterations 3
smoothSolver:  Solving for Uz, Initial residual = 0.001694945722, Final residual = 0.0001041175327, No Iterations 3
GAMG:  Solving for p, Initial residual = 0.007891713434, Final residual = 5.712226505e-05, No Iterations 3
time step continuity errors : sum local = 1.971227187e-05, global = -1.662191925e-07, cumulative = -0.0004617299709
smoothSolver:  Solving for omega, Initial residual = 0.0007641527656, Final residual = 2.900946877e-05, No Iterations 2
smoothSolver:  Solving for k, Initial residual = 0.003338795058, Final residual = 0.0002605886035, No Iterations 2
bounding k, min: -0.01049116106 max: 0.5727385298 average: 0.1665070768
ExecutionTime = 69.58885 s  ClockTime = 71 s

Time = 66s

smoothSolver:  Solving for Ux, Initial residual = 0.001282176448, Final residual = 7.972960304e-05, No Iterations 3
smoothSolver:  Solving for Uy, Initial residual = 0.001533990704, Final residual = 9.083039023e-05, No Iterations 3
smoothSolver:  Solving for Uz, Initial residual = 0.001605514226, Final residual = 9.750680906e-05, No Iterations 3
GAMG:  Solving for p, Initial residual = 0.007625601224, Final residual = 5.527388937e-05, No Iterations 3
time step continuity errors : sum local = 1.905856501e-05, global = -1.37873216e-07, cumulative = -0.0004618678441
smoothSolver:  Solving for omega, Initial residual = 0.0007563271655, Final residual = 2.808290238e-05, No Iterations 2
smoothSolver:  Solving for k, Initial residual = 0.003178369773, Final residual = 0.0002504085771, No Iterations 2
bounding k, min: -0.01585331359 max: 0.5594569367 average: 0.1659770681
ExecutionTime = 70.242042 s  ClockTime = 72 s

Time = 67s

smoothSolver:  Solving for Ux, Initial residual = 0.001221890853, Final residual = 7.614399672e-05, No Iterations 3
smoothSolver:  Solving for Uy, Initial residual = 0.001466832747, Final residual = 8.667527065e-05, No Iterations 3
smoothSolver:  Solving for Uz, Initial residual = 0.001521151853, Final residual = 9.116524527e-05, No Iterations 3
GAMG:  Solving for p, Initial residual = 0.007367326949, Final residual = 5.33461102e-05, No Iterations 3
time step continuity errors : sum local = 1.837997403e-05, global = -1.275866006e-07, cumulative = -0.0004619954307
smoothSolver:  Solving for omega, Initial residual = 0.0007511853875, Final residual = 2.801601594e-05, No Iterations 2
smoothSolver:  Solving for k, Initial residual = 0.003023350928, Final residual = 0.0002369578132, No Iterations 2
bounding k, min: -0.0105480317 max: 0.5440773034 average: 0.1654787339
ExecutionTime = 71.246339 s  ClockTime = 73 s

Time = 68s

smoothSolver:  Solving for Ux, Initial residual = 0.001164193686, Final residual = 7.269252801e-05, No Iterations 3
smoothSolver:  Solving for Uy, Initial residual = 0.001401129732, Final residual = 8.260056625e-05, No Iterations 3
smoothSolver:  Solving for Uz, Initial residual = 0.00143987477, Final residual = 8.511745936e-05, No Iterations 3
GAMG:  Solving for p, Initial residual = 0.007115478312, Final residual = 5.142815861e-05, No Iterations 3
time step continuity errors : sum local = 1.770685217e-05, global = -1.379461109e-07, cumulative = -0.0004621333769
smoothSolver:  Solving for omega, Initial residual = 0.0007451575848, Final residual = 2.732410759e-05, No Iterations 2
smoothSolver:  Solving for k, Initial residual = 0.002879845606, Final residual = 0.0002270223919, No Iterations 2
bounding k, min: -0.01593136229 max: 0.528525299 average: 0.1650029546
ExecutionTime = 72.417231 s  ClockTime = 74 s

Time = 69s

smoothSolver:  Solving for Ux, Initial residual = 0.001108999436, Final residual = 6.935085001e-05, No Iterations 3
smoothSolver:  Solving for Uy, Initial residual = 0.001336704504, Final residual = 7.861990768e-05, No Iterations 3
smoothSolver:  Solving for Uz, Initial residual = 0.001363728711, Final residual = 7.939922881e-05, No Iterations 3
GAMG:  Solving for p, Initial residual = 0.00686511836, Final residual = 4.948168146e-05, No Iterations 3
time step continuity errors : sum local = 1.70250358e-05, global = -1.624004238e-07, cumulative = -0.0004622957773
smoothSolver:  Solving for omega, Initial residual = 0.0007404471834, Final residual = 2.726140529e-05, No Iterations 2
smoothSolver:  Solving for k, Initial residual = 0.002741436864, Final residual = 0.000214404788, No Iterations 2
bounding k, min: -0.01057155845 max: 0.5143675861 average: 0.1645556293
ExecutionTime = 73.231707 s  ClockTime = 75 s

Time = 70s

smoothSolver:  Solving for Ux, Initial residual = 0.001056242228, Final residual = 6.611711187e-05, No Iterations 3
smoothSolver:  Solving for Uy, Initial residual = 0.001273765872, Final residual = 7.47244539e-05, No Iterations 3
smoothSolver:  Solving for Uz, Initial residual = 0.001290721542, Final residual = 7.403554428e-05, No Iterations 3
GAMG:  Solving for p, Initial residual = 0.006616634733, Final residual = 4.762405469e-05, No Iterations 3
time step continuity errors : sum local = 1.637579688e-05, global = -1.965261565e-07, cumulative = -0.0004624923034
smoothSolver:  Solving for omega, Initial residual = 0.0007339226993, Final residual = 2.648113194e-05, No Iterations 2
smoothSolver:  Solving for k, Initial residual = 0.002614719835, Final residual = 0.0002070896623, No Iterations 2
bounding k, min: -0.01682770137 max: 0.5086011546 average: 0.1641275411
ExecutionTime = 74.106817 s  ClockTime = 75 s

Time = 71s

smoothSolver:  Solving for Ux, Initial residual = 0.001005459718, Final residual = 6.299416057e-05, No Iterations 3
smoothSolver:  Solving for Uy, Initial residual = 0.001212216467, Final residual = 7.09360234e-05, No Iterations 3
smoothSolver:  Solving for Uz, Initial residual = 0.001222206588, Final residual = 6.902726738e-05, No Iterations 3
GAMG:  Solving for p, Initial residual = 0.00638682783, Final residual = 4.598854939e-05, No Iterations 3
time step continuity errors : sum local = 1.58055392e-05, global = -2.37519527e-07, cumulative = -0.000462729823
smoothSolver:  Solving for omega, Initial residual = 0.0007296708985, Final residual = 2.652037659e-05, No Iterations 2
smoothSolver:  Solving for k, Initial residual = 0.00248916411, Final residual = 0.0001959543188, No Iterations 2
bounding k, min: -0.01058117632 max: 0.5073006634 average: 0.1637266797
ExecutionTime = 75.284025 s  ClockTime = 76 s

Time = 72s

smoothSolver:  Solving for Ux, Initial residual = 0.0009569978841, Final residual = 6.006876317e-05, No Iterations 3
smoothSolver:  Solving for Uy, Initial residual = 0.001152476351, Final residual = 6.722847735e-05, No Iterations 3
smoothSolver:  Solving for Uz, Initial residual = 0.001156934715, Final residual = 6.442694084e-05, No Iterations 3
GAMG:  Solving for p, Initial residual = 0.006152549297, Final residual = 4.438173694e-05, No Iterations 3
time step continuity errors : sum local = 1.524467344e-05, global = -2.806040991e-07, cumulative = -0.0004630104271
smoothSolver:  Solving for omega, Initial residual = 0.0007240085301, Final residual = 2.580325808e-05, No Iterations 2
smoothSolver:  Solving for k, Initial residual = 0.002375541331, Final residual = 0.000188951903, No Iterations 2
bounding k, min: -0.01809773073 max: 0.5060997195 average: 0.1633415843
ExecutionTime = 76.448953 s  ClockTime = 78 s

Time = 73s

smoothSolver:  Solving for Ux, Initial residual = 0.0009106739455, Final residual = 5.725498672e-05, No Iterations 3
smoothSolver:  Solving for Uy, Initial residual = 0.001094560677, Final residual = 6.366141035e-05, No Iterations 3
smoothSolver:  Solving for Uz, Initial residual = 0.001095543282, Final residual = 6.012910935e-05, No Iterations 3
GAMG:  Solving for p, Initial residual = 0.00593038098, Final residual = 4.300487862e-05, No Iterations 3
time step continuity errors : sum local = 1.476502742e-05, global = -3.233532833e-07, cumulative = -0.0004633337803
smoothSolver:  Solving for omega, Initial residual = 0.0007199778006, Final residual = 2.579371421e-05, No Iterations 2
smoothSolver:  Solving for k, Initial residual = 0.002266401107, Final residual = 0.0001780165514, No Iterations 2
bounding k, min: -0.01056434683 max: 0.5049643511 average: 0.1629813608
ExecutionTime = 77.582932 s  ClockTime = 79 s

Time = 74s

smoothSolver:  Solving for Ux, Initial residual = 0.0008662182437, Final residual = 5.458102684e-05, No Iterations 3
smoothSolver:  Solving for Uy, Initial residual = 0.001038837868, Final residual = 6.019787967e-05, No Iterations 3
smoothSolver:  Solving for Uz, Initial residual = 0.001036267419, Final residual = 5.619941723e-05, No Iterations 3
GAMG:  Solving for p, Initial residual = 0.005725287281, Final residual = 4.180309962e-05, No Iterations 3
time step continuity errors : sum local = 1.434656618e-05, global = -3.635360087e-07, cumulative = -0.0004636973164
smoothSolver:  Solving for omega, Initial residual = 0.0007148165677, Final residual = 2.505301883e-05, No Iterations 2
smoothSolver:  Solving for k, Initial residual = 0.002164563424, Final residual = 0.0001723245641, No Iterations 2
bounding k, min: -0.01950026972 max: 0.5038636298 average: 0.1626361739
ExecutionTime = 78.744639 s  ClockTime = 80 s

Time = 75s

smoothSolver:  Solving for Ux, Initial residual = 0.0008242833282, Final residual = 5.204194773e-05, No Iterations 3
smoothSolver:  Solving for Uy, Initial residual = 0.00098523254, Final residual = 5.684983133e-05, No Iterations 3
smoothSolver:  Solving for Uz, Initial residual = 0.0009810413932, Final residual = 5.258500545e-05, No Iterations 3
GAMG:  Solving for p, Initial residual = 0.00551302638, Final residual = 4.058053291e-05, No Iterations 3
time step continuity errors : sum local = 1.392032814e-05, global = -3.89433307e-07, cumulative = -0.0004640867497
smoothSolver:  Solving for omega, Initial residual = 0.0007115380319, Final residual = 2.512264821e-05, No Iterations 2
smoothSolver:  Solving for k, Initial residual = 0.002065013878, Final residual = 0.0001633803375, No Iterations 2
bounding k, min: -0.01055296035 max: 0.50285547 average: 0.1623126219
ExecutionTime = 79.929745 s  ClockTime = 81 s

Time = 76s

smoothSolver:  Solving for Ux, Initial residual = 0.0007837580108, Final residual = 4.960043403e-05, No Iterations 3
smoothSolver:  Solving for Uy, Initial residual = 0.0009337058768, Final residual = 5.364141795e-05, No Iterations 3
smoothSolver:  Solving for Uz, Initial residual = 0.0009276219011, Final residual = 4.922689808e-05, No Iterations 3
GAMG:  Solving for p, Initial residual = 0.005304016209, Final residual = 3.93917379e-05, No Iterations 3
time step continuity errors : sum local = 1.350691686e-05, global = -4.017412733e-07, cumulative = -0.0004644884909
smoothSolver:  Solving for omega, Initial residual = 0.000707015262, Final residual = 2.454937418e-05, No Iterations 2
smoothSolver:  Solving for k, Initial residual = 0.00197440099, Final residual = 0.0001583380157, No Iterations 2
bounding k, min: -0.01981158074 max: 0.5018750354 average: 0.1620014087
ExecutionTime = 81.238602 s  ClockTime = 82 s

Time = 77s

smoothSolver:  Solving for Ux, Initial residual = 0.000745002345, Final residual = 4.728297517e-05, No Iterations 3
smoothSolver:  Solving for Uy, Initial residual = 0.0008841076068, Final residual = 5.057142927e-05, No Iterations 3
smoothSolver:  Solving for Uz, Initial residual = 0.0008777046931, Final residual = 4.61310176e-05, No Iterations 3
GAMG:  Solving for p, Initial residual = 0.005110004343, Final residual = 3.810948014e-05, No Iterations 3
time step continuity errors : sum local = 1.306292784e-05, global = -3.9846343e-07, cumulative = -0.0004648869544
smoothSolver:  Solving for omega, Initial residual = 0.0007044645651, Final residual = 2.467140664e-05, No Iterations 2
smoothSolver:  Solving for k, Initial residual = 0.001884741561, Final residual = 0.0001489508763, No Iterations 2
bounding k, min: -0.01051772127 max: 0.5009930126 average: 0.1617110243
ExecutionTime = 82.174783 s  ClockTime = 83 s

Time = 78s

smoothSolver:  Solving for Ux, Initial residual = 0.0007084538017, Final residual = 4.509141986e-05, No Iterations 3
smoothSolver:  Solving for Uy, Initial residual = 0.0008364553104, Final residual = 4.759569648e-05, No Iterations 3
smoothSolver:  Solving for Uz, Initial residual = 0.0008305377302, Final residual = 4.331170268e-05, No Iterations 3
GAMG:  Solving for p, Initial residual = 0.004917091093, Final residual = 3.663958471e-05, No Iterations 3
time step continuity errors : sum local = 1.255429263e-05, global = -3.842181158e-07, cumulative = -0.0004652711725
smoothSolver:  Solving for omega, Initial residual = 0.0006997044662, Final residual = 2.407562111e-05, No Iterations 2
smoothSolver:  Solving for k, Initial residual = 0.001804660776, Final residual = 0.0001453416109, No Iterations 2
bounding k, min: -0.02026657326 max: 0.5001394653 average: 0.1614295329
ExecutionTime = 82.949413 s  ClockTime = 84 s

Time = 79s

smoothSolver:  Solving for Ux, Initial residual = 0.0006731595547, Final residual = 4.295533262e-05, No Iterations 3
smoothSolver:  Solving for Uy, Initial residual = 0.0007908914914, Final residual = 4.475538308e-05, No Iterations 3
smoothSolver:  Solving for Uz, Initial residual = 0.0007864368928, Final residual = 4.059686481e-05, No Iterations 3
GAMG:  Solving for p, Initial residual = 0.004733544438, Final residual = 3.51801053e-05, No Iterations 3
time step continuity errors : sum local = 1.205077813e-05, global = -3.613317915e-07, cumulative = -0.0004656325043
smoothSolver:  Solving for omega, Initial residual = 0.0006969517389, Final residual = 2.409364846e-05, No Iterations 2
smoothSolver:  Solving for k, Initial residual = 0.0017271485, Final residual = 0.0001374315243, No Iterations 2
bounding k, min: -0.01051034268 max: 0.4993860576 average: 0.1611676391
ExecutionTime = 84.08986 s  ClockTime = 85 s

Time = 80s

smoothSolver:  Solving for Ux, Initial residual = 0.0006393561934, Final residual = 4.089564754e-05, No Iterations 3
smoothSolver:  Solving for Uy, Initial residual = 0.0007470735449, Final residual = 4.203760105e-05, No Iterations 3
smoothSolver:  Solving for Uz, Initial residual = 0.0007435966227, Final residual = 3.807136497e-05, No Iterations 3
GAMG:  Solving for p, Initial residual = 0.004561892869, Final residual = 3.375552442e-05, No Iterations 3
time step continuity errors : sum local = 1.155979127e-05, global = -3.33630803e-07, cumulative = -0.0004659661351
smoothSolver:  Solving for omega, Initial residual = 0.0006927792467, Final residual = 2.359066071e-05, No Iterations 2
smoothSolver:  Solving for k, Initial residual = 0.00165620835, Final residual = 0.0001346571753, No Iterations 2
bounding k, min: -0.02019589461 max: 0.4986699561 average: 0.1609148166
ExecutionTime = 85.064533 s  ClockTime = 86 s

Time = 81s

smoothSolver:  Solving for Ux, Initial residual = 0.0006076511861, Final residual = 3.896267987e-05, No Iterations 3
smoothSolver:  Solving for Uy, Initial residual = 0.0007050781627, Final residual = 3.943538124e-05, No Iterations 3
smoothSolver:  Solving for Uz, Initial residual = 0.0007040650633, Final residual = 3.570365366e-05, No Iterations 3
GAMG:  Solving for p, Initial residual = 0.00438694849, Final residual = 3.224754092e-05, No Iterations 3
time step continuity errors : sum local = 1.103997079e-05, global = -2.996935113e-07, cumulative = -0.0004662658286
smoothSolver:  Solving for omega, Initial residual = 0.0006897174338, Final residual = 2.362582238e-05, No Iterations 2
smoothSolver:  Solving for k, Initial residual = 0.001586572289, Final residual = 0.0001272143597, No Iterations 2
bounding k, min: -0.01048333054 max: 0.498041657 average: 0.1606783769
ExecutionTime = 86.199144 s  ClockTime = 87 s

Time = 82s

smoothSolver:  Solving for Ux, Initial residual = 0.0005771312744, Final residual = 3.708395246e-05, No Iterations 3
smoothSolver:  Solving for Uy, Initial residual = 0.000664781324, Final residual = 3.69818097e-05, No Iterations 3
smoothSolver:  Solving for Uz, Initial residual = 0.000665908931, Final residual = 3.346624959e-05, No Iterations 3
GAMG:  Solving for p, Initial residual = 0.004210818861, Final residual = 3.078271563e-05, No Iterations 3
time step continuity errors : sum local = 1.053574098e-05, global = -2.666785027e-07, cumulative = -0.0004665325071
smoothSolver:  Solving for omega, Initial residual = 0.0006857668814, Final residual = 2.300196848e-05, No Iterations 2
smoothSolver:  Solving for k, Initial residual = 0.001523635133, Final residual = 0.0001247361397, No Iterations 2
bounding k, min: -0.02050557622 max: 0.4974468742 average: 0.1604494421
ExecutionTime = 87.149241 s  ClockTime = 88 s

Time = 83s

smoothSolver:  Solving for Ux, Initial residual = 0.0005478824279, Final residual = 3.528570003e-05, No Iterations 3
smoothSolver:  Solving for Uy, Initial residual = 0.0006263839043, Final residual = 3.46556042e-05, No Iterations 3
smoothSolver:  Solving for Uz, Initial residual = 0.0006297524161, Final residual = 3.133848701e-05, No Iterations 3
GAMG:  Solving for p, Initial residual = 0.004047167283, Final residual = 2.914399486e-05, No Iterations 3
time step continuity errors : sum local = 9.97307995e-06, global = -2.324074766e-07, cumulative = -0.0004667649146
smoothSolver:  Solving for omega, Initial residual = 0.0006829624829, Final residual = 2.309654994e-05, No Iterations 2
smoothSolver:  Solving for k, Initial residual = 0.001460343588, Final residual = 0.0001179412304, No Iterations 2
bounding k, min: -0.01050216476 max: 0.4969258763 average: 0.1602377081
ExecutionTime = 87.791369 s  ClockTime = 88 s

Time = 84s

smoothSolver:  Solving for Ux, Initial residual = 0.0005202399039, Final residual = 3.360230791e-05, No Iterations 3
smoothSolver:  Solving for Uy, Initial residual = 0.0005894831616, Final residual = 3.247123065e-05, No Iterations 3
smoothSolver:  Solving for Uz, Initial residual = 0.0005951991842, Final residual = 2.941563774e-05, No Iterations 3
GAMG:  Solving for p, Initial residual = 0.003875403749, Final residual = 2.732517652e-05, No Iterations 3
time step continuity errors : sum local = 9.348327018e-06, global = -2.03228391e-07, cumulative = -0.000466968143
smoothSolver:  Solving for omega, Initial residual = 0.000679286448, Final residual = 2.261042821e-05, No Iterations 2
smoothSolver:  Solving for k, Initial residual = 0.001406581127, Final residual = 0.0001159529578, No Iterations 2
bounding k, min: -0.02057209982 max: 0.4964342117 average: 0.1600307368
ExecutionTime = 88.63445 s  ClockTime = 89 s

Time = 85s

smoothSolver:  Solving for Ux, Initial residual = 0.0004936970441, Final residual = 3.196760102e-05, No Iterations 3
smoothSolver:  Solving for Uy, Initial residual = 0.0005544165626, Final residual = 3.041346889e-05, No Iterations 3
smoothSolver:  Solving for Uz, Initial residual = 0.0005627215009, Final residual = 2.754205663e-05, No Iterations 3
GAMG:  Solving for p, Initial residual = 0.003711882654, Final residual = 2.567560592e-05, No Iterations 3
time step continuity errors : sum local = 8.782546814e-06, global = -1.804117486e-07, cumulative = -0.0004671485547
smoothSolver:  Solving for omega, Initial residual = 0.0006771607022, Final residual = 2.272641764e-05, No Iterations 2
smoothSolver:  Solving for k, Initial residual = 0.001351323545, Final residual = 0.000110190577, No Iterations 2
bounding k, min: -0.01047920756 max: 0.4959988096 average: 0.1598382302
ExecutionTime = 89.431771 s  ClockTime = 90 s

Time = 86s

smoothSolver:  Solving for Ux, Initial residual = 0.0004682360446, Final residual = 3.04168979e-05, No Iterations 3
smoothSolver:  Solving for Uy, Initial residual = 0.0005210975589, Final residual = 2.849700987e-05, No Iterations 3
smoothSolver:  Solving for Uz, Initial residual = 0.0005316919697, Final residual = 2.585707484e-05, No Iterations 3
GAMG:  Solving for p, Initial residual = 0.003561075698, Final residual = 2.428809412e-05, No Iterations 3
time step continuity errors : sum local = 8.306807796e-06, global = -1.651435551e-07, cumulative = -0.0004673136983
smoothSolver:  Solving for omega, Initial residual = 0.0006736776138, Final residual = 2.225208328e-05, No Iterations 2
smoothSolver:  Solving for k, Initial residual = 0.001304438943, Final residual = 0.000108654742, No Iterations 2
bounding k, min: -0.02063311786 max: 0.4955879054 average: 0.1596513743
ExecutionTime = 90.075124 s  ClockTime = 90 s

Time = 87s

smoothSolver:  Solving for Ux, Initial residual = 0.0004444479043, Final residual = 2.898902382e-05, No Iterations 3
smoothSolver:  Solving for Uy, Initial residual = 0.0004895867636, Final residual = 2.668483773e-05, No Iterations 3
smoothSolver:  Solving for Uz, Initial residual = 0.000503059383, Final residual = 2.431011424e-05, No Iterations 3
GAMG:  Solving for p, Initial residual = 0.003410638171, Final residual = 2.289429318e-05, No Iterations 3
time step continuity errors : sum local = 7.828754473e-06, global = -1.525523156e-07, cumulative = -0.0004674662506
smoothSolver:  Solving for omega, Initial residual = 0.0006712511255, Final residual = 2.225476079e-05, No Iterations 2
smoothSolver:  Solving for k, Initial residual = 0.001255854119, Final residual = 0.0001031917212, No Iterations 2
bounding k, min: -0.01052426357 max: 0.4952145578 average: 0.1594774921
ExecutionTime = 90.886242 s  ClockTime = 91 s

Time = 88s

smoothSolver:  Solving for Ux, Initial residual = 0.0004215985926, Final residual = 2.759998665e-05, No Iterations 3
smoothSolver:  Solving for Uy, Initial residual = 0.0004598282214, Final residual = 2.498965162e-05, No Iterations 3
smoothSolver:  Solving for Uz, Initial residual = 0.0004756561525, Final residual = 2.286156789e-05, No Iterations 3
GAMG:  Solving for p, Initial residual = 0.003264966794, Final residual = 2.172619785e-05, No Iterations 3
time step continuity errors : sum local = 7.428356033e-06, global = -1.452795578e-07, cumulative = -0.0004676115301
smoothSolver:  Solving for omega, Initial residual = 0.0006683072072, Final residual = 2.182799445e-05, No Iterations 2
smoothSolver:  Solving for k, Initial residual = 0.001213181411, Final residual = 0.0001018562812, No Iterations 2
bounding k, min: -0.02068801426 max: 0.4948441188 average: 0.1593072914
ExecutionTime = 91.619197 s  ClockTime = 92 s

Time = 89s

smoothSolver:  Solving for Ux, Initial residual = 0.0003998515728, Final residual = 2.626843533e-05, No Iterations 3
smoothSolver:  Solving for Uy, Initial residual = 0.0004316222037, Final residual = 2.339153214e-05, No Iterations 3
smoothSolver:  Solving for Uz, Initial residual = 0.000450126835, Final residual = 2.149970352e-05, No Iterations 3
GAMG:  Solving for p, Initial residual = 0.003132928294, Final residual = 2.068588373e-05, No Iterations 3
time step continuity errors : sum local = 7.072135795e-06, global = -1.392338798e-07, cumulative = -0.000467750764
smoothSolver:  Solving for omega, Initial residual = 0.0006659905516, Final residual = 2.192799015e-05, No Iterations 2
smoothSolver:  Solving for k, Initial residual = 0.001169072462, Final residual = 9.67990372e-05, No Iterations 2
bounding k, min: -0.01049919763 max: 0.4945258431 average: 0.1591504764
ExecutionTime = 92.768657 s  ClockTime = 93 s

Time = 90s

smoothSolver:  Solving for Ux, Initial residual = 0.0003794927321, Final residual = 2.502613571e-05, No Iterations 3
smoothSolver:  Solving for Uy, Initial residual = 0.0004051945049, Final residual = 2.190693152e-05, No Iterations 3
smoothSolver:  Solving for Uz, Initial residual = 0.0004264651178, Final residual = 2.030941546e-05, No Iterations 3
GAMG:  Solving for p, Initial residual = 0.002996038264, Final residual = 1.956746643e-05, No Iterations 3
time step continuity errors : sum local = 6.688747051e-06, global = -1.364572296e-07, cumulative = -0.0004678872212
smoothSolver:  Solving for omega, Initial residual = 0.0006624862781, Final residual = 2.145811568e-05, No Iterations 2
smoothSolver:  Solving for k, Initial residual = 0.001132862978, Final residual = 9.584587707e-05, No Iterations 2
bounding k, min: -0.02073296334 max: 0.4942138659 average: 0.158995533
ExecutionTime = 94.96444 s  ClockTime = 95 s

Time = 91s

smoothSolver:  Solving for Ux, Initial residual = 0.0003601001068, Final residual = 2.381552438e-05, No Iterations 3
smoothSolver:  Solving for Uy, Initial residual = 0.0003805588039, Final residual = 2.051342134e-05, No Iterations 3
smoothSolver:  Solving for Uz, Initial residual = 0.0004040096111, Final residual = 1.91328548e-05, No Iterations 3
GAMG:  Solving for p, Initial residual = 0.002865672956, Final residual = 1.856167844e-05, No Iterations 3
time step continuity errors : sum local = 6.344445876e-06, global = -1.35000614e-07, cumulative = -0.0004680222219
smoothSolver:  Solving for omega, Initial residual = 0.0006611468722, Final residual = 2.152595298e-05, No Iterations 2
smoothSolver:  Solving for k, Initial residual = 0.001093824414, Final residual = 9.108557874e-05, No Iterations 2
bounding k, min: -0.01054568275 max: 0.4939270334 average: 0.1588531114
ExecutionTime = 96.099932 s  ClockTime = 96 s

Time = 92s

smoothSolver:  Solving for Ux, Initial residual = 0.0003415559962, Final residual = 2.264750945e-05, No Iterations 3
smoothSolver:  Solving for Uy, Initial residual = 0.0003576747706, Final residual = 1.925196469e-05, No Iterations 3
smoothSolver:  Solving for Uz, Initial residual = 0.0003830648041, Final residual = 1.808134156e-05, No Iterations 3
GAMG:  Solving for p, Initial residual = 0.002747650664, Final residual = 1.768006308e-05, No Iterations 3
time step continuity errors : sum local = 6.042769878e-06, global = -1.371986897e-07, cumulative = -0.0004681594206
smoothSolver:  Solving for omega, Initial residual = 0.0006589320225, Final residual = 2.122541035e-05, No Iterations 2
smoothSolver:  Solving for k, Initial residual = 0.00106097855, Final residual = 9.012360479e-05, No Iterations 2
bounding k, min: -0.02078012775 max: 0.4936628236 average: 0.1587132704
ExecutionTime = 97.259969 s  ClockTime = 97 s

Time = 93s

smoothSolver:  Solving for Ux, Initial residual = 0.0003243196522, Final residual = 2.157052552e-05, No Iterations 3
smoothSolver:  Solving for Uy, Initial residual = 0.0003363896044, Final residual = 1.807300399e-05, No Iterations 3
smoothSolver:  Solving for Uz, Initial residual = 0.0003637642728, Final residual = 1.711082818e-05, No Iterations 3
GAMG:  Solving for p, Initial residual = 0.002627230142, Final residual = 1.667080779e-05, No Iterations 3
time step continuity errors : sum local = 5.697205112e-06, global = -1.383968989e-07, cumulative = -0.0004682978174
smoothSolver:  Solving for omega, Initial residual = 0.0006562479253, Final residual = 2.125406709e-05, No Iterations 2
smoothSolver:  Solving for k, Initial residual = 0.001027145482, Final residual = 8.626209948e-05, No Iterations 2
bounding k, min: -0.01052294978 max: 0.4934232268 average: 0.1585835231
ExecutionTime = 98.698045 s  ClockTime = 101 s

Time = 94s

smoothSolver:  Solving for Ux, Initial residual = 0.0003077754546, Final residual = 2.050909079e-05, No Iterations 3
smoothSolver:  Solving for Uy, Initial residual = 0.0003166059068, Final residual = 1.700800573e-05, No Iterations 3
smoothSolver:  Solving for Uz, Initial residual = 0.0003455324712, Final residual = 1.619743783e-05, No Iterations 3
GAMG:  Solving for p, Initial residual = 0.002509435839, Final residual = 1.582716216e-05, No Iterations 3
time step continuity errors : sum local = 5.408509451e-06, global = -1.417488017e-07, cumulative = -0.0004684395663
smoothSolver:  Solving for omega, Initial residual = 0.0006535890606, Final residual = 2.082491362e-05, No Iterations 2
smoothSolver:  Solving for k, Initial residual = 0.0009987420569, Final residual = 8.566767792e-05, No Iterations 2
bounding k, min: -0.02082886135 max: 0.4931989459 average: 0.1584547102
ExecutionTime = 100.518784 s  ClockTime = 102 s

Time = 95s

smoothSolver:  Solving for Ux, Initial residual = 0.0002920397181, Final residual = 1.948688764e-05, No Iterations 3
smoothSolver:  Solving for Uy, Initial residual = 0.0002981390992, Final residual = 1.602586598e-05, No Iterations 3
smoothSolver:  Solving for Uz, Initial residual = 0.0003284862142, Final residual = 1.53445317e-05, No Iterations 3
GAMG:  Solving for p, Initial residual = 0.002405110147, Final residual = 1.51154875e-05, No Iterations 3
time step continuity errors : sum local = 5.165204841e-06, global = -1.427622925e-07, cumulative = -0.0004685823285
smoothSolver:  Solving for omega, Initial residual = 0.0006522970095, Final residual = 2.095131216e-05, No Iterations 2
smoothSolver:  Solving for k, Initial residual = 0.0009680779649, Final residual = 8.18467343e-05, No Iterations 2
bounding k, min: -0.01057098856 max: 0.4929858861 average: 0.1583374007
ExecutionTime = 102.654499 s  ClockTime = 104 s

Time = 96s

smoothSolver:  Solving for Ux, Initial residual = 0.0002773467504, Final residual = 1.854186605e-05, No Iterations 3
smoothSolver:  Solving for Uy, Initial residual = 0.0002809388314, Final residual = 1.514898641e-05, No Iterations 3
smoothSolver:  Solving for Uz, Initial residual = 0.0003130259015, Final residual = 1.463674895e-05, No Iterations 3
GAMG:  Solving for p, Initial residual = 0.002297392601, Final residual = 1.428612551e-05, No Iterations 3
time step continuity errors : sum local = 4.881330237e-06, global = -1.452981436e-07, cumulative = -0.0004687276267
smoothSolver:  Solving for omega, Initial residual = 0.0006501391315, Final residual = 2.067038569e-05, No Iterations 2
smoothSolver:  Solving for k, Initial residual = 0.0009423109237, Final residual = 8.141412792e-05, No Iterations 2
bounding k, min: -0.02090985859 max: 0.4927872402 average: 0.1582196897
ExecutionTime = 104.120639 s  ClockTime = 106 s

Time = 97s

smoothSolver:  Solving for Ux, Initial residual = 0.0002632447977, Final residual = 1.761179401e-05, No Iterations 3
smoothSolver:  Solving for Uy, Initial residual = 0.0002650474588, Final residual = 1.434855265e-05, No Iterations 3
smoothSolver:  Solving for Uz, Initial residual = 0.0002983197165, Final residual = 1.389167347e-05, No Iterations 3
GAMG:  Solving for p, Initial residual = 0.002193950153, Final residual = 1.358220416e-05, No Iterations 3
time step continuity errors : sum local = 4.640654635e-06, global = -1.455323232e-07, cumulative = -0.000468873159
smoothSolver:  Solving for omega, Initial residual = 0.0006489631385, Final residual = 2.070748367e-05, No Iterations 2
smoothSolver:  Solving for k, Initial residual = 0.0009150211872, Final residual = 7.825294955e-05, No Iterations 2
bounding k, min: -0.01054969909 max: 0.4925930601 average: 0.1581117369
ExecutionTime = 104.910998 s  ClockTime = 107 s

Time = 98s

smoothSolver:  Solving for Ux, Initial residual = 0.0002497657463, Final residual = 1.670942241e-05, No Iterations 3
smoothSolver:  Solving for Uy, Initial residual = 0.0002505736307, Final residual = 1.364813283e-05, No Iterations 3
smoothSolver:  Solving for Uz, Initial residual = 0.0002845112128, Final residual = 1.324507884e-05, No Iterations 3
GAMG:  Solving for p, Initial residual = 0.002103320894, Final residual = 1.304617174e-05, No Iterations 3
time step continuity errors : sum local = 4.457424979e-06, global = -1.468361114e-07, cumulative = -0.0004690199951
smoothSolver:  Solving for omega, Initial residual = 0.0006467513851, Final residual = 2.037905451e-05, No Iterations 2
smoothSolver:  Solving for k, Initial residual = 0.0008925550044, Final residual = 7.790771709e-05, No Iterations 2
bounding k, min: -0.02104330868 max: 0.492410887 average: 0.1580042345
ExecutionTime = 105.723947 s  ClockTime = 107 s

Time = 99s

smoothSolver:  Solving for Ux, Initial residual = 0.0002372210136, Final residual = 1.588100406e-05, No Iterations 3
smoothSolver:  Solving for Uy, Initial residual = 0.0002371235091, Final residual = 1.298720735e-05, No Iterations 3
smoothSolver:  Solving for Uz, Initial residual = 0.0002716245977, Final residual = 1.263978111e-05, No Iterations 3
GAMG:  Solving for p, Initial residual = 0.002007417032, Final residual = 1.233179733e-05, No Iterations 3
time step continuity errors : sum local = 4.213053493e-06, global = -1.466688043e-07, cumulative = -0.0004691666639
smoothSolver:  Solving for omega, Initial residual = 0.0006451603272, Final residual = 2.040824366e-05, No Iterations 2
smoothSolver:  Solving for k, Initial residual = 0.0008690400069, Final residual = 7.492267455e-05, No Iterations 2
bounding k, min: -0.01059765732 max: 0.4922230392 average: 0.1579053119
ExecutionTime = 107.91527 s  ClockTime = 109 s

Time = 100s

smoothSolver:  Solving for Ux, Initial residual = 0.0002251320604, Final residual = 1.50610883e-05, No Iterations 3
smoothSolver:  Solving for Uy, Initial residual = 0.0002248711025, Final residual = 1.238760845e-05, No Iterations 3
smoothSolver:  Solving for Uz, Initial residual = 0.0002594736841, Final residual = 1.204473004e-05, No Iterations 3
GAMG:  Solving for p, Initial residual = 0.001915713569, Final residual = 1.176735644e-05, No Iterations 3
time step continuity errors : sum local = 4.020086203e-06, global = -1.492145635e-07, cumulative = -0.0004693158785
smoothSolver:  Solving for omega, Initial residual = 0.0006432503438, Final residual = 2.012102479e-05, No Iterations 2
smoothSolver:  Solving for k, Initial residual = 0.000847365308, Final residual = 7.455987946e-05, No Iterations 2
bounding k, min: -0.02116467271 max: 0.4920451382 average: 0.1578059991
ExecutionTime = 111.426942 s  ClockTime = 116 s

Time = 101s

smoothSolver:  Solving for Ux, Initial residual = 0.0002134933778, Final residual = 1.426833967e-05, No Iterations 3
smoothSolver:  Solving for Uy, Initial residual = 0.0002136035142, Final residual = 1.182283058e-05, No Iterations 3
smoothSolver:  Solving for Uz, Initial residual = 0.0002476494983, Final residual = 1.145778968e-05, No Iterations 3
GAMG:  Solving for p, Initial residual = 0.001834350536, Final residual = 1.131381798e-05, No Iterations 3
time step continuity errors : sum local = 3.865165785e-06, global = -1.509442818e-07, cumulative = -0.0004694668228
smoothSolver:  Solving for omega, Initial residual = 0.0006421734536, Final residual = 2.022253689e-05, No Iterations 2
smoothSolver:  Solving for k, Initial residual = 0.0008251158075, Final residual = 7.201526864e-05, No Iterations 2
bounding k, min: -0.01057478478 max: 0.4918502927 average: 0.1577163599
ExecutionTime = 112.216351 s  ClockTime = 116 s

Time = 102s

smoothSolver:  Solving for Ux, Initial residual = 0.0002026353619, Final residual = 1.354009433e-05, No Iterations 3
smoothSolver:  Solving for Uy, Initial residual = 0.0002033710046, Final residual = 1.130414767e-05, No Iterations 3
smoothSolver:  Solving for Uz, Initial residual = 0.0002367343258, Final residual = 1.097700839e-05, No Iterations 3
GAMG:  Solving for p, Initial residual = 0.001750640414, Final residual = 1.069112949e-05, No Iterations 3
time step continuity errors : sum local = 3.652186661e-06, global = -1.563075666e-07, cumulative = -0.0004696231303
smoothSolver:  Solving for omega, Initial residual = 0.0006397579428, Final residual = 1.98445311e-05, No Iterations 2
smoothSolver:  Solving for k, Initial residual = 0.0008071892782, Final residual = 7.169749749e-05, No Iterations 2
bounding k, min: -0.02125051503 max: 0.4916632012 average: 0.1576242941
ExecutionTime = 113.047731 s  ClockTime = 117 s

Time = 103s

smoothSolver:  Solving for Ux, Initial residual = 0.0001921628302, Final residual = 1.282010204e-05, No Iterations 3
smoothSolver:  Solving for Uy, Initial residual = 0.0001938087417, Final residual = 1.079371539e-05, No Iterations 3
smoothSolver:  Solving for Uz, Initial residual = 0.0002260345014, Final residual = 1.043092616e-05, No Iterations 3
GAMG:  Solving for p, Initial residual = 0.001668819361, Final residual = 1.017220471e-05, No Iterations 3
time step continuity errors : sum local = 3.474883095e-06, global = -1.596930978e-07, cumulative = -0.0004697828234
smoothSolver:  Solving for omega, Initial residual = 0.0006387921145, Final residual = 1.992265501e-05, No Iterations 2
smoothSolver:  Solving for k, Initial residual = 0.0007872029948, Final residual = 6.912038865e-05, No Iterations 2
bounding k, min: -0.01062176057 max: 0.4914526107 average: 0.157541655
ExecutionTime = 113.882665 s  ClockTime = 118 s

Time = 104s

smoothSolver:  Solving for Ux, Initial residual = 0.0001820524629, Final residual = 1.211936147e-05, No Iterations 3
smoothSolver:  Solving for Uy, Initial residual = 0.00018503103, Final residual = 1.032424297e-05, No Iterations 3
smoothSolver:  Solving for Uz, Initial residual = 0.0002159089341, Final residual = 9.957382252e-06, No Iterations 3
GAMG:  Solving for p, Initial residual = 0.001599784683, Final residual = 9.815641621e-06, No Iterations 3
time step continuity errors : sum local = 3.353109493e-06, global = -1.663728697e-07, cumulative = -0.0004699491963
smoothSolver:  Solving for omega, Initial residual = 0.000637174428, Final residual = 1.969174823e-05, No Iterations 2
smoothSolver:  Solving for k, Initial residual = 0.0007697304427, Final residual = 6.879704924e-05, No Iterations 2
bounding k, min: -0.02132590982 max: 0.4912515003 average: 0.1574578846
ExecutionTime = 114.963297 s  ClockTime = 119 s

Time = 105s

smoothSolver:  Solving for Ux, Initial residual = 0.0001727255982, Final residual = 1.148605038e-05, No Iterations 3
smoothSolver:  Solving for Uy, Initial residual = 0.0001766140378, Final residual = 9.863507461e-06, No Iterations 3
smoothSolver:  Solving for Uz, Initial residual = 0.0002063740135, Final residual = 9.508766328e-06, No Iterations 3
GAMG:  Solving for p, Initial residual = 0.001524394715, Final residual = 9.232963414e-06, No Iterations 3
time step continuity errors : sum local = 3.15390121e-06, global = -1.687176085e-07, cumulative = -0.0004701179139
smoothSolver:  Solving for omega, Initial residual = 0.0006357327596, Final residual = 1.976027613e-05, No Iterations 2
smoothSolver:  Solving for k, Initial residual = 0.000752172751, Final residual = 6.661580585e-05, No Iterations 2
bounding k, min: -0.01059550837 max: 0.4910198872 average: 0.1573816861
ExecutionTime = 115.707846 s  ClockTime = 120 s

Time = 106s

smoothSolver:  Solving for Ux, Initial residual = 0.000163638019, Final residual = 1.085392617e-05, No Iterations 3
smoothSolver:  Solving for Uy, Initial residual = 0.000168645845, Final residual = 9.421215341e-06, No Iterations 3
smoothSolver:  Solving for Uz, Initial residual = 0.0001971371249, Final residual = 9.067327083e-06, No Iterations 3
GAMG:  Solving for p, Initial residual = 0.001453697199, Final residual = 8.789405708e-06, No Iterations 3
time step continuity errors : sum local = 3.002354514e-06, global = -1.710796174e-07, cumulative = -0.0004702889935
smoothSolver:  Solving for omega, Initial residual = 0.0006337761581, Final residual = 1.936587988e-05, No Iterations 2
smoothSolver:  Solving for k, Initial residual = 0.0007363651143, Final residual = 6.634611776e-05, No Iterations 2
bounding k, min: -0.02139292759 max: 0.4908017962 average: 0.1573034515
ExecutionTime = 116.506429 s  ClockTime = 121 s

Time = 107s

smoothSolver:  Solving for Ux, Initial residual = 0.0001548831313, Final residual = 1.023877064e-05, No Iterations 3
smoothSolver:  Solving for Uy, Initial residual = 0.0001609837328, Final residual = 8.982038978e-06, No Iterations 3
smoothSolver:  Solving for Uz, Initial residual = 0.0001881149794, Final residual = 8.628365257e-06, No Iterations 3
GAMG:  Solving for p, Initial residual = 0.001391804181, Final residual = 8.4735239e-06, No Iterations 3
time step continuity errors : sum local = 2.894532568e-06, global = -1.718492391e-07, cumulative = -0.0004704608428
smoothSolver:  Solving for omega, Initial residual = 0.0006334106571, Final residual = 1.953529003e-05, No Iterations 2
smoothSolver:  Solving for k, Initial residual = 0.0007199352103, Final residual = 6.421556981e-05, No Iterations 2
bounding k, min: -0.01064092215 max: 0.490552208 average: 0.1572347209
ExecutionTime = 117.221874 s  ClockTime = 121 s

Time = 108s

smoothSolver:  Solving for Ux, Initial residual = 0.0001467663103, Final residual = 9.683641984e-06, No Iterations 3
smoothSolver:  Solving for Uy, Initial residual = 0.0001536912009, Final residual = 8.55826768e-06, No Iterations 3
smoothSolver:  Solving for Uz, Initial residual = 0.0001798411982, Final residual = 8.276665135e-06, No Iterations 3
GAMG:  Solving for p, Initial residual = 0.001327807553, Final residual = 7.961023882e-06, No Iterations 3
time step continuity errors : sum local = 2.719338349e-06, global = -1.686784969e-07, cumulative = -0.0004706295213
smoothSolver:  Solving for omega, Initial residual = 0.0006317954549, Final residual = 1.926228353e-05, No Iterations 2
smoothSolver:  Solving for k, Initial residual = 0.0007053758493, Final residual = 6.387871158e-05, No Iterations 2
bounding k, min: -0.0214478993 max: 0.4903236476 average: 0.1571626184
ExecutionTime = 118.219853 s  ClockTime = 122 s

Time = 109s

smoothSolver:  Solving for Ux, Initial residual = 0.0001389710701, Final residual = 9.133218873e-06, No Iterations 3
smoothSolver:  Solving for Uy, Initial residual = 0.0001465495662, Final residual = 8.137898764e-06, No Iterations 3
smoothSolver:  Solving for Uz, Initial residual = 0.0001715461587, Final residual = 7.86106456e-06, No Iterations 3
GAMG:  Solving for p, Initial residual = 0.001264232328, Final residual = 7.556738767e-06, No Iterations 3
time step continuity errors : sum local = 2.581258231e-06, global = -1.619391591e-07, cumulative = -0.0004707914604
smoothSolver:  Solving for omega, Initial residual = 0.0006316706956, Final residual = 1.94407519e-05, No Iterations 2
smoothSolver:  Solving for k, Initial residual = 0.0006905354804, Final residual = 6.202343105e-05, No Iterations 2
bounding k, min: -0.0106120668 max: 0.4900594954 average: 0.1570987125
ExecutionTime = 118.99365 s  ClockTime = 123 s

Time = 110s

smoothSolver:  Solving for Ux, Initial residual = 0.0001313451307, Final residual = 8.59793293e-06, No Iterations 3
smoothSolver:  Solving for Uy, Initial residual = 0.0001397644181, Final residual = 7.733874092e-06, No Iterations 3
smoothSolver:  Solving for Uz, Initial residual = 0.0001636738761, Final residual = 7.502592188e-06, No Iterations 3
GAMG:  Solving for p, Initial residual = 0.001212946695, Final residual = 7.324649825e-06, No Iterations 3
time step continuity errors : sum local = 2.502041507e-06, global = -1.60215066e-07, cumulative = -0.0004709516755
smoothSolver:  Solving for omega, Initial residual = 0.0006300577061, Final residual = 1.914050391e-05, No Iterations 2
smoothSolver:  Solving for k, Initial residual = 0.0006767778104, Final residual = 6.17624792e-05, No Iterations 2
bounding k, min: -0.02149502718 max: 0.4898199223 average: 0.1570323562
ExecutionTime = 120.063331 s  ClockTime = 124 s

Time = 111s

smoothSolver:  Solving for Ux, Initial residual = 0.0001243740453, Final residual = 8.122224551e-06, No Iterations 3
smoothSolver:  Solving for Uy, Initial residual = 0.000133062511, Final residual = 7.327578993e-06, No Iterations 3
smoothSolver:  Solving for Uz, Initial residual = 0.0001562013393, Final residual = 7.169771293e-06, No Iterations 3
GAMG:  Solving for p, Initial residual = 0.001155177689, Final residual = 6.84382954e-06, No Iterations 3
time step continuity errors : sum local = 2.337719003e-06, global = -1.490050387e-07, cumulative = -0.0004711006805
smoothSolver:  Solving for omega, Initial residual = 0.0006293180506, Final residual = 1.921571503e-05, No Iterations 2
smoothSolver:  Solving for k, Initial residual = 0.000663323408, Final residual = 5.989258025e-05, No Iterations 2
bounding k, min: -0.01065380152 max: 0.4895334496 average: 0.1569738634
ExecutionTime = 120.862418 s  ClockTime = 125 s

Time = 112s

smoothSolver:  Solving for Ux, Initial residual = 0.0001175794981, Final residual = 7.645178992e-06, No Iterations 3
smoothSolver:  Solving for Uy, Initial residual = 0.0001265613285, Final residual = 6.936810168e-06, No Iterations 3
smoothSolver:  Solving for Uz, Initial residual = 0.000149052208, Final residual = 6.827001415e-06, No Iterations 3
GAMG:  Solving for p, Initial residual = 0.00110123984, Final residual = 6.50127891e-06, No Iterations 3
time step continuity errors : sum local = 2.220719998e-06, global = -1.400270526e-07, cumulative = -0.0004712407076
smoothSolver:  Solving for omega, Initial residual = 0.0006280526162, Final residual = 1.895273898e-05, No Iterations 2
smoothSolver:  Solving for k, Initial residual = 0.0006499056652, Final residual = 5.961718468e-05, No Iterations 2
bounding k, min: -0.02153358613 max: 0.4892754987 average: 0.1569123336
ExecutionTime = 121.65029 s  ClockTime = 125 s

Time = 113s

smoothSolver:  Solving for Ux, Initial residual = 0.000111043008, Final residual = 7.183658017e-06, No Iterations 3
smoothSolver:  Solving for Uy, Initial residual = 0.0001202255465, Final residual = 6.554585058e-06, No Iterations 3
smoothSolver:  Solving for Uz, Initial residual = 0.0001419352898, Final residual = 6.477131549e-06, No Iterations 3
GAMG:  Solving for p, Initial residual = 0.001055283772, Final residual = 6.308514658e-06, No Iterations 3
time step continuity errors : sum local = 2.154952116e-06, global = -1.360789319e-07, cumulative = -0.0004713767865
smoothSolver:  Solving for omega, Initial residual = 0.0006277418874, Final residual = 1.920934764e-05, No Iterations 2
smoothSolver:  Solving for k, Initial residual = 0.0006377399687, Final residual = 5.793873879e-05, No Iterations 2
bounding k, min: -0.01062208885 max: 0.4889660783 average: 0.1568592719
ExecutionTime = 122.786029 s  ClockTime = 126 s

Time = 114s

smoothSolver:  Solving for Ux, Initial residual = 0.0001050055678, Final residual = 6.778393637e-06, No Iterations 3
smoothSolver:  Solving for Uy, Initial residual = 0.0001141845718, Final residual = 6.188338672e-06, No Iterations 3
smoothSolver:  Solving for Uz, Initial residual = 0.0001354812185, Final residual = 6.200240559e-06, No Iterations 3
GAMG:  Solving for p, Initial residual = 0.00100595896, Final residual = 5.89608728e-06, No Iterations 3
time step continuity errors : sum local = 2.013995999e-06, global = -1.249437857e-07, cumulative = -0.0004715017303
smoothSolver:  Solving for omega, Initial residual = 0.0006258376777, Final residual = 1.879251122e-05, No Iterations 2
smoothSolver:  Solving for k, Initial residual = 0.0006264091148, Final residual = 5.786276871e-05, No Iterations 2
bounding k, min: -0.02156025594 max: 0.4886859525 average: 0.1568018469
ExecutionTime = 123.786634 s  ClockTime = 127 s

Time = 115s

smoothSolver:  Solving for Ux, Initial residual = 9.921622383e-05, Final residual = 6.373267678e-06, No Iterations 3
smoothSolver:  Solving for Uy, Initial residual = 0.0001081954133, Final residual = 5.82663864e-06, No Iterations 3
smoothSolver:  Solving for Uz, Initial residual = 0.0001289400435, Final residual = 5.865827604e-06, No Iterations 3
GAMG:  Solving for p, Initial residual = 0.0009567270171, Final residual = 5.585348346e-06, No Iterations 3
time step continuity errors : sum local = 1.907881968e-06, global = -1.147619488e-07, cumulative = -0.0004716164923
smoothSolver:  Solving for omega, Initial residual = 0.0006258149071, Final residual = 1.898625791e-05, No Iterations 2
smoothSolver:  Solving for k, Initial residual = 0.0006149700294, Final residual = 5.615770842e-05, No Iterations 2
bounding k, min: -0.01066276467 max: 0.488337315 average: 0.1567528403
ExecutionTime = 124.824302 s  ClockTime = 128 s

Time = 116s

smoothSolver:  Solving for Ux, Initial residual = 9.357714571e-05, Final residual = 5.980817861e-06, No Iterations 3
smoothSolver:  Solving for Uy, Initial residual = 0.0001025787093, Final residual = 5.48721344e-06, No Iterations 3
smoothSolver:  Solving for Uz, Initial residual = 0.0001228142546, Final residual = 5.573024669e-06, No Iterations 3
GAMG:  Solving for p, Initial residual = 0.0009190129483, Final residual = 5.458326079e-06, No Iterations 3
time step continuity errors : sum local = 1.864554525e-06, global = -1.143816282e-07, cumulative = -0.0004717308739
smoothSolver:  Solving for omega, Initial residual = 0.0006247930847, Final residual = 1.874427432e-05, No Iterations 2
smoothSolver:  Solving for k, Initial residual = 0.000603668038, Final residual = 5.59164201e-05, No Iterations 2
bounding k, min: -0.02158302608 max: 0.4880165968 average: 0.1567009355
ExecutionTime = 125.674586 s  ClockTime = 129 s

Time = 117s

smoothSolver:  Solving for Ux, Initial residual = 8.85246377e-05, Final residual = 5.646388732e-06, No Iterations 3
smoothSolver:  Solving for Uy, Initial residual = 9.70745118e-05, Final residual = 5.156920423e-06, No Iterations 3
smoothSolver:  Solving for Uz, Initial residual = 0.0001169598523, Final residual = 5.308036882e-06, No Iterations 3
GAMG:  Solving for p, Initial residual = 0.0008740436339, Final residual = 5.071927386e-06, No Iterations 3
time step continuity errors : sum local = 1.732511785e-06, global = -1.030362371e-07, cumulative = -0.0004718339101
smoothSolver:  Solving for omega, Initial residual = 0.0006246073137, Final residual = 1.894929505e-05, No Iterations 2
smoothSolver:  Solving for k, Initial residual = 0.0005938822431, Final residual = 5.447951212e-05, No Iterations 2
bounding k, min: -0.01062985754 max: 0.4876418929 average: 0.1566557405
ExecutionTime = 126.84067 s  ClockTime = 130 s

Time = 118s

smoothSolver:  Solving for Ux, Initial residual = 8.360048095e-05, Final residual = 5.309835075e-06, No Iterations 3
smoothSolver:  Solving for Uy, Initial residual = 9.186233565e-05, Final residual = 4.846045783e-06, No Iterations 3
smoothSolver:  Solving for Uz, Initial residual = 0.0001114106345, Final residual = 5.028012842e-06, No Iterations 3
GAMG:  Solving for p, Initial residual = 0.0008323578566, Final residual = 4.808562163e-06, No Iterations 3
time step continuity errors : sum local = 1.64256474e-06, global = -9.588521782e-08, cumulative = -0.0004719297953
smoothSolver:  Solving for omega, Initial residual = 0.0006230546402, Final residual = 1.854627536e-05, No Iterations 2
smoothSolver:  Solving for k, Initial residual = 0.0005831278582, Final residual = 5.432401651e-05, No Iterations 2
bounding k, min: -0.02160409746 max: 0.4873097862 average: 0.1566067205
ExecutionTime = 127.872059 s  ClockTime = 131 s

Time = 119s

smoothSolver:  Solving for Ux, Initial residual = 7.885430141e-05, Final residual = 4.98133648e-06, No Iterations 3
smoothSolver:  Solving for Uy, Initial residual = 8.681272836e-05, Final residual = 4.545703994e-06, No Iterations 3
smoothSolver:  Solving for Uz, Initial residual = 0.0001058700949, Final residual = 4.75119916e-06, No Iterations 3
GAMG:  Solving for p, Initial residual = 0.0007984290248, Final residual = 4.706223467e-06, No Iterations 3
time step continuity errors : sum local = 1.607671806e-06, global = -9.692483825e-08, cumulative = -0.0004720267202
smoothSolver:  Solving for omega, Initial residual = 0.0006230372631, Final residual = 1.88046882e-05, No Iterations 2
smoothSolver:  Solving for k, Initial residual = 0.000573342105, Final residual = 5.276395506e-05, No Iterations 2
bounding k, min: -0.01067014554 max: 0.4869197035 average: 0.1565664305
ExecutionTime = 128.98031 s  ClockTime = 135 s

Time = 120s

smoothSolver:  Solving for Ux, Initial residual = 7.460767351e-05, Final residual = 4.705225825e-06, No Iterations 3
smoothSolver:  Solving for Uy, Initial residual = 8.209340322e-05, Final residual = 4.266212435e-06, No Iterations 3
smoothSolver:  Solving for Uz, Initial residual = 0.0001009799153, Final residual = 4.538549672e-06, No Iterations 3
GAMG:  Solving for p, Initial residual = 0.0007609664618, Final residual = 4.366728236e-06, No Iterations 3
time step continuity errors : sum local = 1.491653371e-06, global = -8.843175554e-08, cumulative = -0.0004721151519
smoothSolver:  Solving for omega, Initial residual = 0.0006220093505, Final residual = 1.850382487e-05, No Iterations 2
smoothSolver:  Solving for k, Initial residual = 0.0005634475883, Final residual = 5.257173032e-05, No Iterations 2
bounding k, min: -0.02162021511 max: 0.4865813454 average: 0.1565214797
ExecutionTime = 129.889803 s  ClockTime = 135 s

Time = 121s

smoothSolver:  Solving for Ux, Initial residual = 7.053840355e-05, Final residual = 4.427103204e-06, No Iterations 3
smoothSolver:  Solving for Uy, Initial residual = 7.747229077e-05, Final residual = 3.996616635e-06, No Iterations 3
smoothSolver:  Solving for Uz, Initial residual = 9.597282465e-05, Final residual = 4.275873682e-06, No Iterations 3
GAMG:  Solving for p, Initial residual = 0.0007226763319, Final residual = 4.123660565e-06, No Iterations 3
time step continuity errors : sum local = 1.408645133e-06, global = -8.199940496e-08, cumulative = -0.0004721971513
smoothSolver:  Solving for omega, Initial residual = 0.0006224467823, Final residual = 1.87411971e-05, No Iterations 2
smoothSolver:  Solving for k, Initial residual = 0.0005548166987, Final residual = 5.126021631e-05, No Iterations 2
bounding k, min: -0.01063619806 max: 0.4861833556 average: 0.1564836862
ExecutionTime = 130.744325 s  ClockTime = 136 s

Time = 122s

smoothSolver:  Solving for Ux, Initial residual = 6.656659683e-05, Final residual = 4.156265592e-06, No Iterations 3
smoothSolver:  Solving for Uy, Initial residual = 7.321551733e-05, Final residual = 3.75162563e-06, No Iterations 3
smoothSolver:  Solving for Uz, Initial residual = 9.129221062e-05, Final residual = 4.047272094e-06, No Iterations 3
GAMG:  Solving for p, Initial residual = 0.0006949962133, Final residual = 4.072221266e-06, No Iterations 3
time step continuity errors : sum local = 1.391121422e-06, global = -8.676174813e-08, cumulative = -0.0004722839131
smoothSolver:  Solving for omega, Initial residual = 0.0006205889149, Final residual = 1.840033855e-05, No Iterations 2
smoothSolver:  Solving for k, Initial residual = 0.0005457222598, Final residual = 5.114467194e-05, No Iterations 2
bounding k, min: -0.02163662948 max: 0.4858469416 average: 0.1564423402
ExecutionTime = 131.795543 s  ClockTime = 137 s

Time = 123s

smoothSolver:  Solving for Ux, Initial residual = 6.308624266e-05, Final residual = 3.93332661e-06, No Iterations 3
smoothSolver:  Solving for Uy, Initial residual = 6.913308328e-05, Final residual = 3.514127962e-06, No Iterations 3
smoothSolver:  Solving for Uz, Initial residual = 8.687551637e-05, Final residual = 3.85446903e-06, No Iterations 3
GAMG:  Solving for p, Initial residual = 0.0006608388519, Final residual = 3.753779615e-06, No Iterations 3
time step continuity errors : sum local = 1.282304946e-06, global = -7.81286021e-08, cumulative = -0.0004723620417
smoothSolver:  Solving for omega, Initial residual = 0.00062065444, Final residual = 1.860388227e-05, No Iterations 2
smoothSolver:  Solving for k, Initial residual = 0.0005378355085, Final residual = 4.965084361e-05, No Iterations 2
bounding k, min: -0.01067606661 max: 0.4854512232 average: 0.1564081147
ExecutionTime = 132.730565 s  ClockTime = 138 s

Time = 124s

smoothSolver:  Solving for Ux, Initial residual = 5.971632684e-05, Final residual = 3.704310774e-06, No Iterations 3
smoothSolver:  Solving for Uy, Initial residual = 6.527357738e-05, Final residual = 3.295059174e-06, No Iterations 3
smoothSolver:  Solving for Uz, Initial residual = 8.267158529e-05, Final residual = 3.641132274e-06, No Iterations 3
GAMG:  Solving for p, Initial residual = 0.0006286587665, Final residual = 3.545629384e-06, No Iterations 3
time step continuity errors : sum local = 1.211215841e-06, global = -7.36510569e-08, cumulative = -0.0004724356927
smoothSolver:  Solving for omega, Initial residual = 0.00061965636, Final residual = 1.830225599e-05, No Iterations 2
smoothSolver:  Solving for k, Initial residual = 0.0005281643539, Final residual = 4.955710448e-05, No Iterations 2
bounding k, min: -0.02165028521 max: 0.4851191676 average: 0.1563696098
ExecutionTime = 133.830053 s  ClockTime = 139 s

Time = 125s

smoothSolver:  Solving for Ux, Initial residual = 5.643577919e-05, Final residual = 3.479783335e-06, No Iterations 3
smoothSolver:  Solving for Uy, Initial residual = 6.165045703e-05, Final residual = 3.089193125e-06, No Iterations 3
smoothSolver:  Solving for Uz, Initial residual = 7.847824537e-05, Final residual = 3.431462472e-06, No Iterations 3
GAMG:  Solving for p, Initial residual = 0.0006039404767, Final residual = 3.518050543e-06, No Iterations 3
time step continuity errors : sum local = 1.20184123e-06, global = -7.876238947e-08, cumulative = -0.0004725144551
smoothSolver:  Solving for omega, Initial residual = 0.0006198159312, Final residual = 1.85376345e-05, No Iterations 2
smoothSolver:  Solving for k, Initial residual = 0.0005206374779, Final residual = 4.828363401e-05, No Iterations 2
bounding k, min: -0.01064125633 max: 0.4847321633 average: 0.1563388307
ExecutionTime = 134.767992 s  ClockTime = 140 s

Time = 126s

smoothSolver:  Solving for Ux, Initial residual = 5.358431981e-05, Final residual = 3.301553805e-06, No Iterations 3
smoothSolver:  Solving for Uy, Initial residual = 5.828574527e-05, Final residual = 2.902689697e-06, No Iterations 3
smoothSolver:  Solving for Uz, Initial residual = 7.48185397e-05, Final residual = 3.280797878e-06, No Iterations 3
GAMG:  Solving for p, Initial residual = 0.0005749018945, Final residual = 3.23752506e-06, No Iterations 3
time step continuity errors : sum local = 1.105973789e-06, global = -7.210783024e-08, cumulative = -0.000472586563
smoothSolver:  Solving for omega, Initial residual = 0.0006184905913, Final residual = 1.821084235e-05, No Iterations 2
smoothSolver:  Solving for k, Initial residual = 0.0005127267803, Final residual = 4.828353904e-05, No Iterations 2
bounding k, min: -0.02165623096 max: 0.4844155032 average: 0.1563029307
ExecutionTime = 135.575516 s  ClockTime = 141 s

Time = 127s

smoothSolver:  Solving for Ux, Initial residual = 5.082148264e-05, Final residual = 3.113443414e-06, No Iterations 3
smoothSolver:  Solving for Uy, Initial residual = 5.506572134e-05, Final residual = 2.720042143e-06, No Iterations 3
smoothSolver:  Solving for Uz, Initial residual = 7.112047606e-05, Final residual = 3.089323728e-06, No Iterations 3
GAMG:  Solving for p, Initial residual = 0.0005457725776, Final residual = 3.043884411e-06, No Iterations 3
time step continuity errors : sum local = 1.039841312e-06, global = -6.68658822e-08, cumulative = -0.0004726534288
smoothSolver:  Solving for omega, Initial residual = 0.0006187851221, Final residual = 1.843310672e-05, No Iterations 2
smoothSolver:  Solving for k, Initial residual = 0.0005055612237, Final residual = 4.695725902e-05, No Iterations 2
bounding k, min: -0.01068062189 max: 0.484039414 average: 0.1562744221
ExecutionTime = 136.347897 s  ClockTime = 141 s

Time = 128s

smoothSolver:  Solving for Ux, Initial residual = 4.809450538e-05, Final residual = 2.926796832e-06, No Iterations 3
smoothSolver:  Solving for Uy, Initial residual = 5.210402332e-05, Final residual = 2.558667488e-06, No Iterations 3
smoothSolver:  Solving for Uz, Initial residual = 6.764194023e-05, Final residual = 2.919897798e-06, No Iterations 3
GAMG:  Solving for p, Initial residual = 0.0005260374603, Final residual = 3.05559005e-06, No Iterations 3
time step continuity errors : sum local = 1.04387766e-06, global = -7.362078714e-08, cumulative = -0.0004727270496
smoothSolver:  Solving for omega, Initial residual = 0.0006176655585, Final residual = 1.817888473e-05, No Iterations 2
smoothSolver:  Solving for k, Initial residual = 0.0004975223345, Final residual = 4.682034426e-05, No Iterations 2
bounding k, min: -0.02166155296 max: 0.4837323254 average: 0.1562421325
ExecutionTime = 137.412049 s  ClockTime = 142 s

Time = 129s

smoothSolver:  Solving for Ux, Initial residual = 4.578412359e-05, Final residual = 2.784069065e-06, No Iterations 3
smoothSolver:  Solving for Uy, Initial residual = 4.934758166e-05, Final residual = 2.40389237e-06, No Iterations 3
smoothSolver:  Solving for Uz, Initial residual = 6.445902424e-05, Final residual = 2.786569492e-06, No Iterations 3
GAMG:  Solving for p, Initial residual = 0.0004998796385, Final residual = 2.795142577e-06, No Iterations 3
time step continuity errors : sum local = 9.54875771e-07, global = -6.66762964e-08, cumulative = -0.0004727937259
smoothSolver:  Solving for omega, Initial residual = 0.0006177984236, Final residual = 1.839466474e-05, No Iterations 2
smoothSolver:  Solving for k, Initial residual = 0.0004915548189, Final residual = 4.573078337e-05, No Iterations 2
bounding k, min: -0.01064504167 max: 0.4833625737 average: 0.1562159214
ExecutionTime = 138.40428 s  ClockTime = 143 s

Time = 130s

smoothSolver:  Solving for Ux, Initial residual = 4.350728856e-05, Final residual = 2.630993687e-06, No Iterations 3
smoothSolver:  Solving for Uy, Initial residual = 4.67167896e-05, Final residual = 2.262100765e-06, No Iterations 3
smoothSolver:  Solving for Uz, Initial residual = 6.136912985e-05, Final residual = 2.631317505e-06, No Iterations 3
GAMG:  Solving for p, Initial residual = 0.0004750574051, Final residual = 2.628232433e-06, No Iterations 3
time step continuity errors : sum local = 8.978660555e-07, global = -6.263315692e-08, cumulative = -0.0004728563591
smoothSolver:  Solving for omega, Initial residual = 0.0006167570048, Final residual = 1.804992322e-05, No Iterations 2
smoothSolver:  Solving for k, Initial residual = 0.0004839889994, Final residual = 4.580957993e-05, No Iterations 2
bounding k, min: -0.02166645074 max: 0.4830633584 average: 0.1561851559
ExecutionTime = 140.231892 s  ClockTime = 145 s

Time = 131s

smoothSolver:  Solving for Ux, Initial residual = 4.125632978e-05, Final residual = 2.474474717e-06, No Iterations 3
smoothSolver:  Solving for Uy, Initial residual = 4.432576877e-05, Final residual = 2.128973206e-06, No Iterations 3
smoothSolver:  Solving for Uz, Initial residual = 5.836988214e-05, Final residual = 2.479556525e-06, No Iterations 3
GAMG:  Solving for p, Initial residual = 0.0004579832534, Final residual = 2.659627661e-06, No Iterations 3
time step continuity errors : sum local = 9.086263741e-07, global = -6.801520413e-08, cumulative = -0.0004729243743
smoothSolver:  Solving for omega, Initial residual = 0.0006168862725, Final residual = 1.829574896e-05, No Iterations 2
smoothSolver:  Solving for k, Initial residual = 0.0004780567533, Final residual = 4.446978413e-05, No Iterations 2
bounding k, min: -0.01068397624 max: 0.4827016572 average: 0.1561622565
ExecutionTime = 141.161561 s  ClockTime = 146 s

Time = 132s

smoothSolver:  Solving for Ux, Initial residual = 3.936200162e-05, Final residual = 2.360239214e-06, No Iterations 3
smoothSolver:  Solving for Uy, Initial residual = 4.20871044e-05, Final residual = 2.010063882e-06, No Iterations 3
smoothSolver:  Solving for Uz, Initial residual = 5.577495514e-05, Final residual = 2.380854859e-06, No Iterations 3
GAMG:  Solving for p, Initial residual = 0.0004357859713, Final residual = 2.432755515e-06, No Iterations 3
time step continuity errors : sum local = 8.310947383e-07, global = -6.290691717e-08, cumulative = -0.0004729872812
smoothSolver:  Solving for omega, Initial residual = 0.0006155273621, Final residual = 1.800442391e-05, No Iterations 2
smoothSolver:  Solving for k, Initial residual = 0.0004714086226, Final residual = 4.459369194e-05, No Iterations 2
bounding k, min: -0.02166703336 max: 0.4824143835 average: 0.1561339762
ExecutionTime = 142.278786 s  ClockTime = 147 s

Time = 133s

smoothSolver:  Solving for Ux, Initial residual = 3.750581387e-05, Final residual = 2.233338839e-06, No Iterations 3
smoothSolver:  Solving for Uy, Initial residual = 3.996791343e-05, Final residual = 1.892492916e-06, No Iterations 3
smoothSolver:  Solving for Uz, Initial residual = 5.31906199e-05, Final residual = 2.24288044e-06, No Iterations 3
GAMG:  Solving for p, Initial residual = 0.0004134529442, Final residual = 2.270960838e-06, No Iterations 3
time step continuity errors : sum local = 7.75831774e-07, global = -5.769451927e-08, cumulative = -0.0004730449757
smoothSolver:  Solving for omega, Initial residual = 0.0006163093479, Final residual = 1.82594616e-05, No Iterations 2
smoothSolver:  Solving for k, Initial residual = 0.0004664175491, Final residual = 4.349922059e-05, No Iterations 2
bounding k, min: -0.0106478178 max: 0.4820658451 average: 0.1561123186
ExecutionTime = 143.547705 s  ClockTime = 148 s

Time = 134s

smoothSolver:  Solving for Ux, Initial residual = 3.561473252e-05, Final residual = 2.104088922e-06, No Iterations 3
smoothSolver:  Solving for Uy, Initial residual = 3.802852528e-05, Final residual = 1.791102079e-06, No Iterations 3
smoothSolver:  Solving for Uz, Initial residual = 5.070323399e-05, Final residual = 2.120970041e-06, No Iterations 3
GAMG:  Solving for p, Initial residual = 0.0003995755784, Final residual = 2.332787888e-06, No Iterations 3
time step continuity errors : sum local = 7.969807464e-07, global = -6.377160967e-08, cumulative = -0.0004731087473
smoothSolver:  Solving for omega, Initial residual = 0.0006150910739, Final residual = 1.794565386e-05, No Iterations 2
smoothSolver:  Solving for k, Initial residual = 0.000460344753, Final residual = 4.358669902e-05, No Iterations 2
bounding k, min: -0.02167029898 max: 0.4817940605 average: 0.1560864648
ExecutionTime = 144.345681 s  ClockTime = 149 s

Time = 135s

smoothSolver:  Solving for Ux, Initial residual = 3.40683881e-05, Final residual = 2.011308103e-06, No Iterations 3
smoothSolver:  Solving for Uy, Initial residual = 3.625827168e-05, Final residual = 1.693091875e-06, No Iterations 3
smoothSolver:  Solving for Uz, Initial residual = 4.854773645e-05, Final residual = 2.037552046e-06, No Iterations 3
GAMG:  Solving for p, Initial residual = 0.0003799808401, Final residual = 2.124088109e-06, No Iterations 3
time step continuity errors : sum local = 7.256607827e-07, global = -5.803686868e-08, cumulative = -0.0004731667842
smoothSolver:  Solving for omega, Initial residual = 0.0006152650287, Final residual = 1.816693892e-05, No Iterations 2
smoothSolver:  Solving for k, Initial residual = 0.0004556140521, Final residual = 4.237783319e-05, No Iterations 2
bounding k, min: -0.01068636139 max: 0.4814634862 average: 0.1560671364
ExecutionTime = 145.171909 s  ClockTime = 150 s

Time = 136s

smoothSolver:  Solving for Ux, Initial residual = 3.251182539e-05, Final residual = 1.904769852e-06, No Iterations 3
smoothSolver:  Solving for Uy, Initial residual = 3.451606557e-05, Final residual = 1.601839502e-06, No Iterations 3
smoothSolver:  Solving for Uz, Initial residual = 4.638073997e-05, Final residual = 1.929175818e-06, No Iterations 3
GAMG:  Solving for p, Initial residual = 0.0003606320981, Final residual = 1.986166737e-06, No Iterations 3
time step continuity errors : sum local = 6.785507426e-07, global = -5.415728121e-08, cumulative = -0.0004732209415
smoothSolver:  Solving for omega, Initial residual = 0.0006142944173, Final residual = 1.786477707e-05, No Iterations 2
smoothSolver:  Solving for k, Initial residual = 0.0004487708248, Final residual = 4.246922156e-05, No Iterations 2
bounding k, min: -0.02167456141 max: 0.4812115789 average: 0.1560428981
ExecutionTime = 146.374766 s  ClockTime = 151 s

Time = 137s

smoothSolver:  Solving for Ux, Initial residual = 3.092003612e-05, Final residual = 1.793582992e-06, No Iterations 3
smoothSolver:  Solving for Uy, Initial residual = 3.295527579e-05, Final residual = 1.516651301e-06, No Iterations 3
smoothSolver:  Solving for Uz, Initial residual = 4.429836475e-05, Final residual = 1.820820585e-06, No Iterations 3
GAMG:  Solving for p, Initial residual = 0.0003489886216, Final residual = 2.059293635e-06, No Iterations 3
time step continuity errors : sum local = 7.03558471e-07, global = -5.834911896e-08, cumulative = -0.0004732792906
smoothSolver:  Solving for omega, Initial residual = 0.0006145481702, Final residual = 1.813362539e-05, No Iterations 2
smoothSolver:  Solving for k, Initial residual = 0.0004445777217, Final residual = 4.149454588e-05, No Iterations 2
bounding k, min: -0.01064975089 max: 0.4809004855 average: 0.156025762
ExecutionTime = 147.219819 s  ClockTime = 152 s

Time = 138s

smoothSolver:  Solving for Ux, Initial residual = 2.963357617e-05, Final residual = 1.721204259e-06, No Iterations 3
smoothSolver:  Solving for Uy, Initial residual = 3.149615848e-05, Final residual = 1.442100289e-06, No Iterations 3
smoothSolver:  Solving for Uz, Initial residual = 4.251363882e-05, Final residual = 1.759059557e-06, No Iterations 3
GAMG:  Solving for p, Initial residual = 0.0003318548685, Final residual = 1.880484714e-06, No Iterations 3
time step continuity errors : sum local = 6.424492331e-07, global = -5.464074512e-08, cumulative = -0.0004733339313
smoothSolver:  Solving for omega, Initial residual = 0.0006133732428, Final residual = 1.778197721e-05, No Iterations 2
smoothSolver:  Solving for k, Initial residual = 0.0004393514022, Final residual = 4.175092978e-05, No Iterations 2
bounding k, min: -0.02167575797 max: 0.48066973 average: 0.1560028758
ExecutionTime = 148.388841 s  ClockTime = 153 s

Time = 139s

smoothSolver:  Solving for Ux, Initial residual = 2.834783078e-05, Final residual = 1.630051661e-06, No Iterations 3
smoothSolver:  Solving for Uy, Initial residual = 3.01147666e-05, Final residual = 1.364992229e-06, No Iterations 3
smoothSolver:  Solving for Uz, Initial residual = 4.075550939e-05, Final residual = 1.664491402e-06, No Iterations 3
GAMG:  Solving for p, Initial residual = 0.0003147546413, Final residual = 1.745373941e-06, No Iterations 3
time step continuity errors : sum local = 5.962976813e-07, global = -4.967610997e-08, cumulative = -0.0004733836075
smoothSolver:  Solving for omega, Initial residual = 0.0006142309215, Final residual = 1.808500347e-05, No Iterations 2
smoothSolver:  Solving for k, Initial residual = 0.0004354976729, Final residual = 4.063533625e-05, No Iterations 2
bounding k, min: -0.01068792769 max: 0.4803791623 average: 0.1559872914
ExecutionTime = 149.152626 s  ClockTime = 153 s

Time = 140s

smoothSolver:  Solving for Ux, Initial residual = 2.698075867e-05, Final residual = 1.535457652e-06, No Iterations 3
smoothSolver:  Solving for Uy, Initial residual = 2.882145725e-05, Final residual = 1.299894961e-06, No Iterations 3
smoothSolver:  Solving for Uz, Initial residual = 3.901529041e-05, Final residual = 1.575357794e-06, No Iterations 3
GAMG:  Solving for p, Initial residual = 0.0003055060921, Final residual = 1.837272577e-06, No Iterations 3
time step continuity errors : sum local = 6.277158705e-07, global = -5.448183174e-08, cumulative = -0.0004734380893
smoothSolver:  Solving for omega, Initial residual = 0.0006133105041, Final residual = 1.782770343e-05, No Iterations 2
smoothSolver:  Solving for k, Initial residual = 0.0004299276035, Final residual = 4.077742385e-05, No Iterations 2
bounding k, min: -0.02168008225 max: 0.4801688489 average: 0.155966976
ExecutionTime = 149.94424 s  ClockTime = 154 s

Time = 141s

smoothSolver:  Solving for Ux, Initial residual = 2.592833932e-05, Final residual = 1.476626918e-06, No Iterations 3
smoothSolver:  Solving for Uy, Initial residual = 2.765038369e-05, Final residual = 1.235716687e-06, No Iterations 3
smoothSolver:  Solving for Uz, Initial residual = 3.755717442e-05, Final residual = 1.524180594e-06, No Iterations 3
GAMG:  Solving for p, Initial residual = 0.0002903826805, Final residual = 1.672248731e-06, No Iterations 3
time step continuity errors : sum local = 5.713181504e-07, global = -5.026797097e-08, cumulative = -0.0004734883573
smoothSolver:  Solving for omega, Initial residual = 0.0006134539725, Final residual = 1.797745713e-05, No Iterations 2
smoothSolver:  Solving for k, Initial residual = 0.0004268963525, Final residual = 3.988187769e-05, No Iterations 2
bounding k, min: -0.0106508374 max: 0.47989947 average: 0.1559524228
ExecutionTime = 151.102405 s  ClockTime = 155 s

Time = 142s

smoothSolver:  Solving for Ux, Initial residual = 2.482201205e-05, Final residual = 1.401615287e-06, No Iterations 3
smoothSolver:  Solving for Uy, Initial residual = 2.648406173e-05, Final residual = 1.175401326e-06, No Iterations 3
smoothSolver:  Solving for Uz, Initial residual = 3.604330717e-05, Final residual = 1.446822043e-06, No Iterations 3
GAMG:  Solving for p, Initial residual = 0.000275359685, Final residual = 1.549519326e-06, No Iterations 3
time step continuity errors : sum local = 5.293933807e-07, global = -4.694154329e-08, cumulative = -0.0004735352988
smoothSolver:  Solving for omega, Initial residual = 0.0006121704566, Final residual = 1.766659393e-05, No Iterations 2
smoothSolver:  Solving for k, Initial residual = 0.0004219683484, Final residual = 4.015144495e-05, No Iterations 2
bounding k, min: -0.02168800259 max: 0.4797092631 average: 0.1559327349
ExecutionTime = 152.189042 s  ClockTime = 156 s

Time = 143s

smoothSolver:  Solving for Ux, Initial residual = 2.366100296e-05, Final residual = 1.318211508e-06, No Iterations 3
smoothSolver:  Solving for Uy, Initial residual = 2.544395087e-05, Final residual = 1.119065167e-06, No Iterations 3
smoothSolver:  Solving for Uz, Initial residual = 3.459892553e-05, Final residual = 1.368370033e-06, No Iterations 3
GAMG:  Solving for p, Initial residual = 0.0002682955156, Final residual = 1.641673464e-06, No Iterations 3
time step continuity errors : sum local = 5.608972553e-07, global = -4.972823631e-08, cumulative = -0.000473585027
smoothSolver:  Solving for omega, Initial residual = 0.000612641354, Final residual = 1.796378665e-05, No Iterations 2
smoothSolver:  Solving for k, Initial residual = 0.0004187339201, Final residual = 3.907996003e-05, No Iterations 2
bounding k, min: -0.01068870877 max: 0.4794580485 average: 0.1559207118
ExecutionTime = 153.472715 s  ClockTime = 157 s

Time = 144s

smoothSolver:  Solving for Ux, Initial residual = 2.277949597e-05, Final residual = 1.270880729e-06, No Iterations 3
smoothSolver:  Solving for Uy, Initial residual = 2.446489457e-05, Final residual = 1.069947892e-06, No Iterations 3
smoothSolver:  Solving for Uz, Initial residual = 3.338519604e-05, Final residual = 1.332027573e-06, No Iterations 3
GAMG:  Solving for p, Initial residual = 0.0002551626567, Final residual = 1.504044682e-06, No Iterations 3
time step continuity errors : sum local = 5.13860548e-07, global = -4.744969611e-08, cumulative = -0.0004736324767
smoothSolver:  Solving for omega, Initial residual = 0.0006113875192, Final residual = 1.76468622e-05, No Iterations 2
smoothSolver:  Solving for k, Initial residual = 0.000414356615, Final residual = 3.933269595e-05, No Iterations 2
bounding k, min: -0.02169357039 max: 0.4792855681 average: 0.1559024444
ExecutionTime = 154.36749 s  ClockTime = 158 s

Time = 145s

smoothSolver:  Solving for Ux, Initial residual = 2.18639596e-05, Final residual = 1.206279757e-06, No Iterations 3
smoothSolver:  Solving for Uy, Initial residual = 2.348808277e-05, Final residual = 1.016474304e-06, No Iterations 3
smoothSolver:  Solving for Uz, Initial residual = 3.215416575e-05, Final residual = 1.264985464e-06, No Iterations 3
GAMG:  Solving for p, Initial residual = 0.0002419226788, Final residual = 1.376531623e-06, No Iterations 3
time step continuity errors : sum local = 4.703001842e-07, global = -4.305614994e-08, cumulative = -0.0004736755329
smoothSolver:  Solving for omega, Initial residual = 0.0006124597574, Final residual = 1.790403405e-05, No Iterations 2
smoothSolver:  Solving for k, Initial residual = 0.0004114299543, Final residual = 3.853669208e-05, No Iterations 2
bounding k, min: -0.01065131045 max: 0.4790507925 average: 0.1558908666
ExecutionTime = 155.203642 s  ClockTime = 159 s

Time = 146s

smoothSolver:  Solving for Ux, Initial residual = 2.085704323e-05, Final residual = 1.136735696e-06, No Iterations 3
smoothSolver:  Solving for Uy, Initial residual = 2.26092386e-05, Final residual = 9.73094738e-07, No Iterations 3
smoothSolver:  Solving for Uz, Initial residual = 3.091935012e-05, Final residual = 1.197002919e-06, No Iterations 3
GAMG:  Solving for p, Initial residual = 0.000236179647, Final residual = 1.474565272e-06, No Iterations 3
time step continuity errors : sum local = 5.03809934e-07, global = -4.66299045e-08, cumulative = -0.0004737221628
smoothSolver:  Solving for omega, Initial residual = 0.0006117391565, Final residual = 1.765215173e-05, No Iterations 2
smoothSolver:  Solving for k, Initial residual = 0.0004073980049, Final residual = 3.880131007e-05, No Iterations 2
bounding k, min: -0.02169684799 max: 0.4788928658 average: 0.1558744675
ExecutionTime = 156.296272 s  ClockTime = 160 s

Time = 147s

smoothSolver:  Solving for Ux, Initial residual = 2.014573131e-05, Final residual = 1.098379445e-06, No Iterations 3
smoothSolver:  Solving for Uy, Initial residual = 2.180828364e-05, Final residual = 9.300520688e-07, No Iterations 3
smoothSolver:  Solving for Uz, Initial residual = 2.991544861e-05, Final residual = 1.16737998e-06, No Iterations 3
GAMG:  Solving for p, Initial residual = 0.0002248121752, Final residual = 1.350918696e-06, No Iterations 3
time step continuity errors : sum local = 4.615512133e-07, global = -4.358798502e-08, cumulative = -0.0004737657508
smoothSolver:  Solving for omega, Initial residual = 0.0006123695659, Final residual = 1.787834392e-05, No Iterations 2
smoothSolver:  Solving for k, Initial residual = 0.0004049603708, Final residual = 3.776240733e-05, No Iterations 2
bounding k, min: -0.01068899187 max: 0.478673784 average: 0.1558643892
ExecutionTime = 157.123974 s  ClockTime = 161 s

Time = 148s

smoothSolver:  Solving for Ux, Initial residual = 1.935019699e-05, Final residual = 1.044041349e-06, No Iterations 3
smoothSolver:  Solving for Uy, Initial residual = 2.097864422e-05, Final residual = 8.886052497e-07, No Iterations 3
smoothSolver:  Solving for Uz, Initial residual = 2.886627583e-05, Final residual = 1.113159833e-06, No Iterations 3
GAMG:  Solving for p, Initial residual = 0.0002130398349, Final residual = 1.232680013e-06, No Iterations 3
time step continuity errors : sum local = 4.211587216e-07, global = -4.066748006e-08, cumulative = -0.0004738064183
smoothSolver:  Solving for omega, Initial residual = 0.0006114233846, Final residual = 1.758407551e-05, No Iterations 2
smoothSolver:  Solving for k, Initial residual = 0.0004002424161, Final residual = 3.806259574e-05, No Iterations 2
bounding k, min: -0.02170376114 max: 0.4785309869 average: 0.1558488598
ExecutionTime = 158.389519 s  ClockTime = 162 s

Time = 149s

smoothSolver:  Solving for Ux, Initial residual = 1.849069701e-05, Final residual = 9.821761597e-07, No Iterations 3
smoothSolver:  Solving for Uy, Initial residual = 2.023596409e-05, Final residual = 8.497154268e-07, No Iterations 3
smoothSolver:  Solving for Uz, Initial residual = 2.780333243e-05, Final residual = 1.050996172e-06, No Iterations 3
GAMG:  Solving for p, Initial residual = 0.0002088861206, Final residual = 1.32070171e-06, No Iterations 3
time step continuity errors : sum local = 4.512467595e-07, global = -4.268231923e-08, cumulative = -0.0004738491006
smoothSolver:  Solving for omega, Initial residual = 0.0006120889711, Final residual = 1.787124888e-05, No Iterations 2
smoothSolver:  Solving for k, Initial residual = 0.0003978488632, Final residual = 3.723419926e-05, No Iterations 2
bounding k, min: -0.01065142992 max: 0.4783255941 average: 0.1558403386
ExecutionTime = 159.201876 s  ClockTime = 163 s

Time = 150s

smoothSolver:  Solving for Ux, Initial residual = 1.789465278e-05, Final residual = 9.54321318e-07, No Iterations 3
smoothSolver:  Solving for Uy, Initial residual = 1.956765976e-05, Final residual = 8.175000397e-07, No Iterations 3
smoothSolver:  Solving for Uz, Initial residual = 2.697183374e-05, Final residual = 1.029917505e-06, No Iterations 3
GAMG:  Solving for p, Initial residual = 0.0001986666342, Final residual = 1.219017535e-06, No Iterations 3
time step continuity errors : sum local = 4.16491792e-07, global = -4.164139332e-08, cumulative = -0.000473890742
smoothSolver:  Solving for omega, Initial residual = 0.0006107846897, Final residual = 1.759876259e-05, No Iterations 2
smoothSolver:  Solving for k, Initial residual = 0.0003946048332, Final residual = 3.760306785e-05, No Iterations 2
bounding k, min: -0.02170977081 max: 0.4781988557 average: 0.1558254997
ExecutionTime = 160.334269 s  ClockTime = 164 s

Time = 151s

smoothSolver:  Solving for Ux, Initial residual = 1.723655566e-05, Final residual = 9.064857784e-07, No Iterations 3
smoothSolver:  Solving for Uy, Initial residual = 1.888240833e-05, Final residual = 7.797625441e-07, No Iterations 3
smoothSolver:  Solving for Uz, Initial residual = 2.611512679e-05, Final residual = 9.847585603e-07, No Iterations 3
GAMG:  Solving for p, Initial residual = 0.0001886609733, Final residual = 1.101587685e-06, No Iterations 3
time step continuity errors : sum local = 3.763743632e-07, global = -3.744450978e-08, cumulative = -0.0004739281865
smoothSolver:  Solving for omega, Initial residual = 0.0006117962712, Final residual = 1.783209399e-05, No Iterations 2
smoothSolver:  Solving for k, Initial residual = 0.0003924036903, Final residual = 3.659665614e-05, No Iterations 2
bounding k, min: -0.01068899969 max: 0.4780058153 average: 0.155817791
ExecutionTime = 161.19321 s  ClockTime = 164 s

Time = 152s

smoothSolver:  Solving for Ux, Initial residual = 1.648607833e-05, Final residual = 8.524093523e-07, No Iterations 3
smoothSolver:  Solving for Uy, Initial residual = 1.826898476e-05, Final residual = 7.505382978e-07, No Iterations 3
smoothSolver:  Solving for Uz, Initial residual = 2.520407061e-05, Final residual = 9.308011543e-07, No Iterations 3
GAMG:  Solving for p, Initial residual = 0.0001856512781, Final residual = 1.191818263e-06, No Iterations 3
time step continuity errors : sum local = 4.072165079e-07, global = -4.052760614e-08, cumulative = -0.0004739687141
smoothSolver:  Solving for omega, Initial residual = 0.000611017019, Final residual = 1.760750737e-05, No Iterations 2
smoothSolver:  Solving for k, Initial residual = 0.0003883747409, Final residual = 3.692391731e-05, No Iterations 2
bounding k, min: -0.0217179737 max: 0.4778921128 average: 0.1558049363
ExecutionTime = 162.371035 s  ClockTime = 166 s

Time = 153s

smoothSolver:  Solving for Ux, Initial residual = 1.600761513e-05, Final residual = 8.305240195e-07, No Iterations 3
smoothSolver:  Solving for Uy, Initial residual = 1.769413559e-05, Final residual = 7.204404783e-07, No Iterations 3
smoothSolver:  Solving for Uz, Initial residual = 2.449733623e-05, Final residual = 9.148659638e-07, No Iterations 3
GAMG:  Solving for p, Initial residual = 0.0001769860986, Final residual = 1.105646509e-06, No Iterations 3
time step continuity errors : sum local = 3.77762436e-07, global = -3.897027549e-08, cumulative = -0.0004740076844
smoothSolver:  Solving for omega, Initial residual = 0.0006113305302, Final residual = 1.782254055e-05, No Iterations 2
smoothSolver:  Solving for k, Initial residual = 0.0003869970148, Final residual = 3.623836857e-05, No Iterations 2
bounding k, min: -0.01065125254 max: 0.477711417 average: 0.1557976986
ExecutionTime = 163.210603 s  ClockTime = 166 s

Time = 154s

smoothSolver:  Solving for Ux, Initial residual = 1.544599704e-05, Final residual = 7.917838291e-07, No Iterations 3
smoothSolver:  Solving for Uy, Initial residual = 1.713129863e-05, Final residual = 6.914843044e-07, No Iterations 3
smoothSolver:  Solving for Uz, Initial residual = 2.377516021e-05, Final residual = 8.783297204e-07, No Iterations 3
GAMG:  Solving for p, Initial residual = 0.0001677569492, Final residual = 9.979706945e-07, No Iterations 3
time step continuity errors : sum local = 3.409761698e-07, global = -3.625309035e-08, cumulative = -0.0004740439374
smoothSolver:  Solving for omega, Initial residual = 0.0006106276885, Final residual = 1.755160784e-05, No Iterations 2
smoothSolver:  Solving for k, Initial residual = 0.0003834905904, Final residual = 3.665024336e-05, No Iterations 2
bounding k, min: -0.02172415217 max: 0.477610775 average: 0.1557849831
ExecutionTime = 164.037032 s  ClockTime = 170 s

Time = 155s

smoothSolver:  Solving for Ux, Initial residual = 1.48006879e-05, Final residual = 7.425709432e-07, No Iterations 3
smoothSolver:  Solving for Uy, Initial residual = 1.661833455e-05, Final residual = 6.644643871e-07, No Iterations 3
smoothSolver:  Solving for Uz, Initial residual = 2.299677314e-05, Final residual = 8.278854629e-07, No Iterations 3
GAMG:  Solving for p, Initial residual = 0.0001661779367, Final residual = 1.080839343e-06, No Iterations 3
time step continuity errors : sum local = 3.693017525e-07, global = -3.774343815e-08, cumulative = -0.0004740816809
smoothSolver:  Solving for omega, Initial residual = 0.0006114182248, Final residual = 1.786322072e-05, No Iterations 2
smoothSolver:  Solving for k, Initial residual = 0.000381757881, Final residual = 3.570484547e-05, No Iterations 2
bounding k, min: -0.01068877223 max: 0.47744293 average: 0.1557797563
ExecutionTime = 165.169713 s  ClockTime = 171 s

Time = 156s

smoothSolver:  Solving for Ux, Initial residual = 1.44181528e-05, Final residual = 7.274248042e-07, No Iterations 3
smoothSolver:  Solving for Uy, Initial residual = 1.61580568e-05, Final residual = 6.432456072e-07, No Iterations 3
smoothSolver:  Solving for Uz, Initial residual = 2.242686468e-05, Final residual = 8.194940928e-07, No Iterations 3
GAMG:  Solving for p, Initial residual = 0.0001584591406, Final residual = 1.015173167e-06, No Iterations 3
time step continuity errors : sum local = 3.468551587e-07, global = -3.799992662e-08, cumulative = -0.0004741196808
smoothSolver:  Solving for omega, Initial residual = 0.0006100969708, Final residual = 1.756763714e-05, No Iterations 2
smoothSolver:  Solving for k, Initial residual = 0.0003784637623, Final residual = 3.609739642e-05, No Iterations 2
bounding k, min: -0.02173029251 max: 0.4773566208 average: 0.1557678935
ExecutionTime = 166.153285 s  ClockTime = 172 s

Time = 157s

smoothSolver:  Solving for Ux, Initial residual = 1.395192584e-05, Final residual = 6.929745145e-07, No Iterations 3
smoothSolver:  Solving for Uy, Initial residual = 1.565905338e-05, Final residual = 6.150392413e-07, No Iterations 3
smoothSolver:  Solving for Uz, Initial residual = 2.18470347e-05, Final residual = 7.891860651e-07, No Iterations 3
GAMG:  Solving for p, Initial residual = 0.0001505635068, Final residual = 9.091140805e-07, No Iterations 3
time step continuity errors : sum local = 3.106204843e-07, global = -3.404981043e-08, cumulative = -0.0004741537306
smoothSolver:  Solving for omega, Initial residual = 0.000611073782, Final residual = 1.781068209e-05, No Iterations 2
smoothSolver:  Solving for k, Initial residual = 0.0003773040251, Final residual = 3.533951871e-05, No Iterations 2
bounding k, min: -0.01065095679 max: 0.4772036596 average: 0.1557625575
ExecutionTime = 167.279881 s  ClockTime = 173 s

Time = 158s

smoothSolver:  Solving for Ux, Initial residual = 1.339602637e-05, Final residual = 6.519336695e-07, No Iterations 3
smoothSolver:  Solving for Uy, Initial residual = 1.524358223e-05, Final residual = 5.959778822e-07, No Iterations 3
smoothSolver:  Solving for Uz, Initial residual = 2.118057464e-05, Final residual = 2.095429593e-06, No Iterations 2
GAMG:  Solving for p, Initial residual = 0.0001495839806, Final residual = 9.872091338e-07, No Iterations 3
time step continuity errors : sum local = 3.373137588e-07, global = -3.673312407e-08, cumulative = -0.0004741904637
smoothSolver:  Solving for omega, Initial residual = 0.0006104874689, Final residual = 1.757654656e-05, No Iterations 2
smoothSolver:  Solving for k, Initial residual = 0.0003744352889, Final residual = 3.58105679e-05, No Iterations 2
bounding k, min: -0.02173675806 max: 0.4771309232 average: 0.1557520961
ExecutionTime = 168.070654 s  ClockTime = 173 s

Time = 159s

smoothSolver:  Solving for Ux, Initial residual = 1.309298325e-05, Final residual = 6.403438865e-07, No Iterations 3
smoothSolver:  Solving for Uy, Initial residual = 1.485260525e-05, Final residual = 5.750467065e-07, No Iterations 3
smoothSolver:  Solving for Uz, Initial residual = 2.083274765e-05, Final residual = 7.461591565e-07, No Iterations 3
GAMG:  Solving for p, Initial residual = 0.0001432729315, Final residual = 9.351174952e-07, No Iterations 3
time step continuity errors : sum local = 3.195052647e-07, global = -3.574489776e-08, cumulative = -0.0004742262086
smoothSolver:  Solving for omega, Initial residual = 0.0006110705809, Final residual = 1.779388252e-05, No Iterations 2
smoothSolver:  Solving for k, Initial residual = 0.0003735807487, Final residual = 3.494540639e-05, No Iterations 2
bounding k, min: -0.0106883708 max: 0.4769927799 average: 0.1557477958
ExecutionTime = 169.078804 s  ClockTime = 174 s

Time = 160s

smoothSolver:  Solving for Ux, Initial residual = 1.270723786e-05, Final residual = 6.113646869e-07, No Iterations 3
smoothSolver:  Solving for Uy, Initial residual = 1.445033623e-05, Final residual = 5.546432552e-07, No Iterations 3
smoothSolver:  Solving for Uz, Initial residual = 2.030244866e-05, Final residual = 2.020554362e-06, No Iterations 2
GAMG:  Solving for p, Initial residual = 0.00013576132, Final residual = 8.360708477e-07, No Iterations 3
time step continuity errors : sum local = 2.856665996e-07, global = -3.338359228e-08, cumulative = -0.0004742595922
smoothSolver:  Solving for omega, Initial residual = 0.0006102181897, Final residual = 1.749799257e-05, No Iterations 2
smoothSolver:  Solving for k, Initial residual = 0.0003702975152, Final residual = 3.534763447e-05, No Iterations 2
bounding k, min: -0.0217424046 max: 0.4769347174 average: 0.1557374698
ExecutionTime = 170.810511 s  ClockTime = 176 s

Time = 161s

smoothSolver:  Solving for Ux, Initial residual = 1.220348083e-05, Final residual = 5.731787625e-07, No Iterations 3
smoothSolver:  Solving for Uy, Initial residual = 1.406388604e-05, Final residual = 5.344822237e-07, No Iterations 3
smoothSolver:  Solving for Uz, Initial residual = 1.982612833e-05, Final residual = 1.949838979e-06, No Iterations 2
GAMG:  Solving for p, Initial residual = 0.0001359349209, Final residual = 9.084511968e-07, No Iterations 3
time step continuity errors : sum local = 3.104064384e-07, global = -3.427031333e-08, cumulative = -0.0004742938626
smoothSolver:  Solving for omega, Initial residual = 0.0006103852358, Final residual = 1.778131191e-05, No Iterations 2
smoothSolver:  Solving for k, Initial residual = 0.000369387761, Final residual = 3.461770947e-05, No Iterations 2
bounding k, min: -0.01065065041 max: 0.476809266 average: 0.1557342528
ExecutionTime = 171.779559 s  ClockTime = 177 s

Time = 162s

smoothSolver:  Solving for Ux, Initial residual = 1.198425993e-05, Final residual = 5.683354353e-07, No Iterations 3
smoothSolver:  Solving for Uy, Initial residual = 1.376204545e-05, Final residual = 5.206063777e-07, No Iterations 3
smoothSolver:  Solving for Uz, Initial residual = 1.949025869e-05, Final residual = 1.93680904e-06, No Iterations 2
GAMG:  Solving for p, Initial residual = 0.0001298703377, Final residual = 8.671335763e-07, No Iterations 3
time step continuity errors : sum local = 2.96279221e-07, global = -3.504972363e-08, cumulative = -0.0004743289123
smoothSolver:  Solving for omega, Initial residual = 0.0006094983145, Final residual = 1.749619841e-05, No Iterations 2
smoothSolver:  Solving for k, Initial residual = 0.0003672346126, Final residual = 3.52102835e-05, No Iterations 2
bounding k, min: -0.02174726881 max: 0.4767637041 average: 0.155724387
ExecutionTime = 172.748792 s  ClockTime = 178 s

Time = 163s

smoothSolver:  Solving for Ux, Initial residual = 1.165659771e-05, Final residual = 5.419939668e-07, No Iterations 3
smoothSolver:  Solving for Uy, Initial residual = 1.341859212e-05, Final residual = 5.00434552e-07, No Iterations 3
smoothSolver:  Solving for Uz, Initial residual = 1.914689729e-05, Final residual = 1.899912751e-06, No Iterations 2
GAMG:  Solving for p, Initial residual = 0.0001232897249, Final residual = 7.730906902e-07, No Iterations 3
time step continuity errors : sum local = 2.6414923e-07, global = -3.107626264e-08, cumulative = -0.0004743599885
smoothSolver:  Solving for omega, Initial residual = 0.0006107259151, Final residual = 1.778737833e-05, No Iterations 2
smoothSolver:  Solving for k, Initial residual = 0.0003666040654, Final residual = 3.425663382e-05, No Iterations 2
bounding k, min: -0.01068819222 max: 0.4766516209 average: 0.1557213299
ExecutionTime = 173.515902 s  ClockTime = 178 s

Time = 164s

smoothSolver:  Solving for Ux, Initial residual = 1.12230717e-05, Final residual = 5.091467999e-07, No Iterations 3
smoothSolver:  Solving for Uy, Initial residual = 1.311562162e-05, Final residual = 4.875293145e-07, No Iterations 3
smoothSolver:  Solving for Uz, Initial residual = 1.866216918e-05, Final residual = 1.818600341e-06, No Iterations 2
GAMG:  Solving for p, Initial residual = 0.0001237396816, Final residual = 8.492246383e-07, No Iterations 3
time step continuity errors : sum local = 2.901721678e-07, global = -3.292325775e-08, cumulative = -0.0004743929118
smoothSolver:  Solving for omega, Initial residual = 0.0006097248087, Final residual = 1.753241231e-05, No Iterations 2
smoothSolver:  Solving for k, Initial residual = 0.0003636548153, Final residual = 3.474016615e-05, No Iterations 2
bounding k, min: -0.02175207312 max: 0.4766153612 average: 0.155712865
ExecutionTime = 174.359428 s  ClockTime = 179 s

Time = 165s

smoothSolver:  Solving for Ux, Initial residual = 1.1044786e-05, Final residual = 5.07055772e-07, No Iterations 3
smoothSolver:  Solving for Uy, Initial residual = 1.283817714e-05, Final residual = 4.723609536e-07, No Iterations 3
smoothSolver:  Solving for Uz, Initial residual = 1.838214137e-05, Final residual = 1.814785405e-06, No Iterations 2
GAMG:  Solving for p, Initial residual = 0.0001186791874, Final residual = 8.14341073e-07, No Iterations 3
time step continuity errors : sum local = 2.782435316e-07, global = -3.230406641e-08, cumulative = -0.0004744252159
smoothSolver:  Solving for omega, Initial residual = 0.0006103458114, Final residual = 1.776875903e-05, No Iterations 2
smoothSolver:  Solving for k, Initial residual = 0.000363603568, Final residual = 3.408445658e-05, No Iterations 2
bounding k, min: -0.01065035185 max: 0.4765130884 average: 0.1557102015
ExecutionTime = 175.497951 s  ClockTime = 180 s

Time = 166s

smoothSolver:  Solving for Ux, Initial residual = 1.078111449e-05, Final residual = 4.865089248e-07, No Iterations 3
smoothSolver:  Solving for Uy, Initial residual = 1.256889094e-05, Final residual = 4.591896596e-07, No Iterations 3
smoothSolver:  Solving for Uz, Initial residual = 1.803093784e-05, Final residual = 1.765796159e-06, No Iterations 2
GAMG:  Solving for p, Initial residual = 0.0001123720998, Final residual = 7.293379939e-07, No Iterations 3
time step continuity errors : sum local = 2.492016198e-07, global = -3.025266283e-08, cumulative = -0.0004744554685
smoothSolver:  Solving for omega, Initial residual = 0.0006094846795, Final residual = 1.747476891e-05, No Iterations 2
smoothSolver:  Solving for k, Initial residual = 0.0003612029752, Final residual = 3.46142156e-05, No Iterations 2
bounding k, min: -0.02175617509 max: 0.4764835611 average: 0.1557014808
ExecutionTime = 176.872844 s  ClockTime = 182 s

Time = 167s

smoothSolver:  Solving for Ux, Initial residual = 1.038057265e-05, Final residual = 4.551417417e-07, No Iterations 3
smoothSolver:  Solving for Uy, Initial residual = 1.230696849e-05, Final residual = 4.46469509e-07, No Iterations 3
smoothSolver:  Solving for Uz, Initial residual = 1.760875344e-05, Final residual = 1.698026002e-06, No Iterations 2
GAMG:  Solving for p, Initial residual = 0.0001138789563, Final residual = 8.027034758e-07, No Iterations 3
time step continuity errors : sum local = 2.742775724e-07, global = -3.006794503e-08, cumulative = -0.0004744855365
smoothSolver:  Solving for omega, Initial residual = 0.0006101584808, Final residual = 1.77868708e-05, No Iterations 2
smoothSolver:  Solving for k, Initial residual = 0.0003606209521, Final residual = 3.36984334e-05, No Iterations 2
bounding k, min: -0.01068783951 max: 0.4763873039 average: 0.155700304
ExecutionTime = 177.655278 s  ClockTime = 182 s

Time = 168s

smoothSolver:  Solving for Ux, Initial residual = 1.026630097e-05, Final residual = 4.561033264e-07, No Iterations 3
smoothSolver:  Solving for Uy, Initial residual = 1.210162101e-05, Final residual = 4.367222186e-07, No Iterations 3
smoothSolver:  Solving for Uz, Initial residual = 1.733141128e-05, Final residual = 1.686980961e-06, No Iterations 2
GAMG:  Solving for p, Initial residual = 0.0001091431974, Final residual = 7.803123455e-07, No Iterations 3
time step continuity errors : sum local = 2.666187746e-07, global = -3.104405293e-08, cumulative = -0.0004745165805
smoothSolver:  Solving for omega, Initial residual = 0.0006091561053, Final residual = 1.749085769e-05, No Iterations 2
smoothSolver:  Solving for k, Initial residual = 0.0003580995584, Final residual = 3.424859129e-05, No Iterations 2
bounding k, min: -0.02175950022 max: 0.4763623155 average: 0.155692125
ExecutionTime = 178.505965 s  ClockTime = 183 s

Time = 169s

smoothSolver:  Solving for Ux, Initial residual = 1.003758706e-05, Final residual = 4.369073963e-07, No Iterations 3
smoothSolver:  Solving for Uy, Initial residual = 1.185543866e-05, Final residual = 4.236202881e-07, No Iterations 3
smoothSolver:  Solving for Uz, Initial residual = 1.707858232e-05, Final residual = 1.658883439e-06, No Iterations 2
GAMG:  Solving for p, Initial residual = 0.0001036300895, Final residual = 6.950175351e-07, No Iterations 3
time step continuity errors : sum local = 2.374765792e-07, global = -2.753119432e-08, cumulative = -0.0004745441117
smoothSolver:  Solving for omega, Initial residual = 0.0006100972909, Final residual = 1.774530938e-05, No Iterations 2
smoothSolver:  Solving for k, Initial residual = 0.0003580870955, Final residual = 3.362496038e-05, No Iterations 2
bounding k, min: -0.01065001361 max: 0.4762739859 average: 0.15569045
ExecutionTime = 179.58994 s  ClockTime = 184 s

Time = 170s

smoothSolver:  Solving for Ux, Initial residual = 9.705149216e-06, Final residual = 4.112860421e-07, No Iterations 3
smoothSolver:  Solving for Uy, Initial residual = 1.166034341e-05, Final residual = 4.162784371e-07, No Iterations 3
smoothSolver:  Solving for Uz, Initial residual = 1.669889111e-05, Final residual = 1.584301256e-06, No Iterations 2
GAMG:  Solving for p, Initial residual = 0.000105279439, Final residual = 7.650182972e-07, No Iterations 3
time step continuity errors : sum local = 2.614025195e-07, global = -2.86764969e-08, cumulative = -0.0004745727882
smoothSolver:  Solving for omega, Initial residual = 0.0006093022467, Final residual = 1.751213871e-05, No Iterations 2
smoothSolver:  Solving for k, Initial residual = 0.0003561266443, Final residual = 3.411657932e-05, No Iterations 2
bounding k, min: -0.02176185002 max: 0.4762542817 average: 0.1556833359
ExecutionTime = 180.411757 s  ClockTime = 185 s

Time = 171s

smoothSolver:  Solving for Ux, Initial residual = 9.615332149e-06, Final residual = 4.139854178e-07, No Iterations 3
smoothSolver:  Solving for Uy, Initial residual = 1.148753495e-05, Final residual = 4.068852176e-07, No Iterations 3
smoothSolver:  Solving for Uz, Initial residual = 1.651793379e-05, Final residual = 1.593408179e-06, No Iterations 2
GAMG:  Solving for p, Initial residual = 0.0001012157182, Final residual = 7.464556445e-07, No Iterations 3
time step continuity errors : sum local = 2.550513882e-07, global = -2.76005096e-08, cumulative = -0.0004746003887
smoothSolver:  Solving for omega, Initial residual = 0.0006099609363, Final residual = 1.772228964e-05, No Iterations 2
smoothSolver:  Solving for k, Initial residual = 0.0003561457923, Final residual = 3.33034973e-05, No Iterations 2
bounding k, min: -0.01068758278 max: 0.47617695 average: 0.1556824195
ExecutionTime = 181.689161 s  ClockTime = 186 s

Time = 172s

smoothSolver:  Solving for Ux, Initial residual = 9.429412886e-06, Final residual = 3.973017767e-07, No Iterations 3
smoothSolver:  Solving for Uy, Initial residual = 1.129209187e-05, Final residual = 1.125217541e-06, No Iterations 2
smoothSolver:  Solving for Uz, Initial residual = 1.629736092e-05, Final residual = 1.563426565e-06, No Iterations 2
GAMG:  Solving for p, Initial residual = 9.598018136e-05, Final residual = 6.598220151e-07, No Iterations 3
time step continuity errors : sum local = 2.254524514e-07, global = -2.590695131e-08, cumulative = -0.0004746262957
smoothSolver:  Solving for omega, Initial residual = 0.0006090166858, Final residual = 1.743670148e-05, No Iterations 2
smoothSolver:  Solving for k, Initial residual = 0.0003535916648, Final residual = 3.379841461e-05, No Iterations 2
bounding k, min: -0.02176328481 max: 0.4761707424 average: 0.1556751899
ExecutionTime = 182.556426 s  ClockTime = 187 s

Time = 173s

smoothSolver:  Solving for Ux, Initial residual = 9.10078977e-06, Final residual = 3.709388777e-07, No Iterations 3
smoothSolver:  Solving for Uy, Initial residual = 1.115178621e-05, Final residual = 1.110768462e-06, No Iterations 2
smoothSolver:  Solving for Uz, Initial residual = 1.598282936e-05, Final residual = 1.511525525e-06, No Iterations 2
GAMG:  Solving for p, Initial residual = 9.818459244e-05, Final residual = 7.198872569e-07, No Iterations 3
time step continuity errors : sum local = 2.459829019e-07, global = -2.51807305e-08, cumulative = -0.0004746514764
smoothSolver:  Solving for omega, Initial residual = 0.0006095160368, Final residual = 1.77413499e-05, No Iterations 2
smoothSolver:  Solving for k, Initial residual = 0.0003536984506, Final residual = 3.314503737e-05, No Iterations 2
bounding k, min: -0.01064985056 max: 0.4761099113 average: 0.1556751104
ExecutionTime = 183.382923 s  ClockTime = 188 s

Time = 174s

smoothSolver:  Solving for Ux, Initial residual = 9.057771058e-06, Final residual = 3.777546818e-07, No Iterations 3
smoothSolver:  Solving for Uy, Initial residual = 1.106539303e-05, Final residual = 1.101665481e-06, No Iterations 2
smoothSolver:  Solving for Uz, Initial residual = 1.584750884e-05, Final residual = 1.517278749e-06, No Iterations 2
GAMG:  Solving for p, Initial residual = 9.420591503e-05, Final residual = 7.032155401e-07, No Iterations 3
time step continuity errors : sum local = 2.402782317e-07, global = -2.55583009e-08, cumulative = -0.0004746770347
smoothSolver:  Solving for omega, Initial residual = 0.0006089248019, Final residual = 1.746872743e-05, No Iterations 2
smoothSolver:  Solving for k, Initial residual = 0.0003521442282, Final residual = 3.381279497e-05, No Iterations 2
bounding k, min: -0.02176401428 max: 0.4761205019 average: 0.1556681108
ExecutionTime = 184.52701 s  ClockTime = 189 s

Time = 175s

smoothSolver:  Solving for Ux, Initial residual = 8.895881435e-06, Final residual = 3.614368879e-07, No Iterations 3
smoothSolver:  Solving for Uy, Initial residual = 1.093673579e-05, Final residual = 1.086637321e-06, No Iterations 2
smoothSolver:  Solving for Uz, Initial residual = 1.569998705e-05, Final residual = 1.506450713e-06, No Iterations 2
GAMG:  Solving for p, Initial residual = 8.939059936e-05, Final residual = 6.226884667e-07, No Iterations 3
time step continuity errors : sum local = 2.127648075e-07, global = -2.227358949e-08, cumulative = -0.0004746993083
smoothSolver:  Solving for omega, Initial residual = 0.0006101207519, Final residual = 1.773264649e-05, No Iterations 2
smoothSolver:  Solving for k, Initial residual = 0.0003523858917, Final residual = 3.302853988e-05, No Iterations 2
bounding k, min: -0.01068754728 max: 0.476083964 average: 0.155667917
ExecutionTime = 185.348052 s  ClockTime = 189 s

Time = 176s

smoothSolver:  Solving for Ux, Initial residual = 8.609335027e-06, Final residual = 3.377033282e-07, No Iterations 3
smoothSolver:  Solving for Uy, Initial residual = 1.082838868e-05, Final residual = 1.08007369e-06, No Iterations 2
smoothSolver:  Solving for Uz, Initial residual = 1.542609645e-05, Final residual = 1.448455392e-06, No Iterations 2
GAMG:  Solving for p, Initial residual = 9.167752878e-05, Final residual = 6.861486006e-07, No Iterations 3
time step continuity errors : sum local = 2.344559344e-07, global = -2.350618282e-08, cumulative = -0.0004747228145
smoothSolver:  Solving for omega, Initial residual = 0.000609126669, Final residual = 1.749675583e-05, No Iterations 2
smoothSolver:  Solving for k, Initial residual = 0.0003504556314, Final residual = 3.353290524e-05, No Iterations 2
bounding k, min: -0.02176513032 max: 0.4761212312 average: 0.1556620988
ExecutionTime = 186.561845 s  ClockTime = 191 s

Time = 177s

smoothSolver:  Solving for Ux, Initial residual = 8.572493862e-06, Final residual = 3.447676314e-07, No Iterations 3
smoothSolver:  Solving for Uy, Initial residual = 1.072694928e-05, Final residual = 1.066243915e-06, No Iterations 2
smoothSolver:  Solving for Uz, Initial residual = 1.531991725e-05, Final residual = 1.465833497e-06, No Iterations 2
GAMG:  Solving for p, Initial residual = 8.809651466e-05, Final residual = 6.697721292e-07, No Iterations 3
time step continuity errors : sum local = 2.28852167e-07, global = -2.20187524e-08, cumulative = -0.0004747448332
smoothSolver:  Solving for omega, Initial residual = 0.00060952735, Final residual = 1.76991159e-05, No Iterations 2
smoothSolver:  Solving for k, Initial residual = 0.000351315763, Final residual = 3.304286455e-05, No Iterations 2
bounding k, min: -0.01064977082 max: 0.4761159984 average: 0.1556619875
ExecutionTime = 187.352329 s  ClockTime = 191 s

Time = 178s

smoothSolver:  Solving for Ux, Initial residual = 8.443330106e-06, Final residual = 3.321494128e-07, No Iterations 3
smoothSolver:  Solving for Uy, Initial residual = 1.060256558e-05, Final residual = 1.047901767e-06, No Iterations 2
smoothSolver:  Solving for Uz, Initial residual = 1.517461275e-05, Final residual = 1.440463003e-06, No Iterations 2
GAMG:  Solving for p, Initial residual = 8.34366908e-05, Final residual = 5.928173747e-07, No Iterations 3
time step continuity errors : sum local = 2.025591316e-07, global = -2.0840523e-08, cumulative = -0.0004747656738
smoothSolver:  Solving for omega, Initial residual = 0.0006088637881, Final residual = 1.741787253e-05, No Iterations 2
smoothSolver:  Solving for k, Initial residual = 0.000349659172, Final residual = 3.359867097e-05, No Iterations 2
bounding k, min: -0.02176601275 max: 0.4761830383 average: 0.1556557877
ExecutionTime = 188.140756 s  ClockTime = 192 s

Time = 179s

smoothSolver:  Solving for Ux, Initial residual = 8.157940249e-06, Final residual = 3.078468588e-07, No Iterations 3
smoothSolver:  Solving for Uy, Initial residual = 1.047656698e-05, Final residual = 1.035363656e-06, No Iterations 2
smoothSolver:  Solving for Uz, Initial residual = 1.492025892e-05, Final residual = 1.393435442e-06, No Iterations 2
GAMG:  Solving for p, Initial residual = 8.610950802e-05, Final residual = 6.557619162e-07, No Iterations 3
time step continuity errors : sum local = 2.240728614e-07, global = -2.013138253e-08, cumulative = -0.0004747858051
smoothSolver:  Solving for omega, Initial residual = 0.0006095980538, Final residual = 1.76980275e-05, No Iterations 2
smoothSolver:  Solving for k, Initial residual = 0.0003497816458, Final residual = 3.283260353e-05, No Iterations 2
bounding k, min: -0.01068748563 max: 0.4762068574 average: 0.1556570021
ExecutionTime = 189.270998 s  ClockTime = 193 s

Time = 180s

smoothSolver:  Solving for Ux, Initial residual = 8.149451427e-06, Final residual = 3.158013456e-07, No Iterations 3
smoothSolver:  Solving for Uy, Initial residual = 1.037875662e-05, Final residual = 1.018531222e-06, No Iterations 2
smoothSolver:  Solving for Uz, Initial residual = 1.481467045e-05, Final residual = 1.400975716e-06, No Iterations 2
GAMG:  Solving for p, Initial residual = 8.262895214e-05, Final residual = 6.365334421e-07, No Iterations 3
time step continuity errors : sum local = 2.174960108e-07, global = -2.025224198e-08, cumulative = -0.0004748060574
smoothSolver:  Solving for omega, Initial residual = 0.0006087496252, Final residual = 1.743577297e-05, No Iterations 2
smoothSolver:  Solving for k, Initial residual = 0.000347785571, Final residual = 3.334951358e-05, No Iterations 2
bounding k, min: -0.02176613417 max: 0.4763004878 average: 0.1556511545
ExecutionTime = 190.171115 s  ClockTime = 194 s

Time = 181s

smoothSolver:  Solving for Ux, Initial residual = 8.026367806e-06, Final residual = 3.03405856e-07, No Iterations 3
smoothSolver:  Solving for Uy, Initial residual = 1.021920613e-05, Final residual = 9.925341623e-07, No Iterations 2
smoothSolver:  Solving for Uz, Initial residual = 1.465788427e-05, Final residual = 1.381552571e-06, No Iterations 2
GAMG:  Solving for p, Initial residual = 7.814594681e-05, Final residual = 5.5138149e-07, No Iterations 3
time step continuity errors : sum local = 1.884013501e-07, global = -1.725884306e-08, cumulative = -0.0004748233162
smoothSolver:  Solving for omega, Initial residual = 0.0006094729516, Final residual = 1.768969525e-05, No Iterations 2
smoothSolver:  Solving for k, Initial residual = 0.0003483516622, Final residual = 3.280433065e-05, No Iterations 2
bounding k, min: -0.01064974065 max: 0.4763483248 average: 0.1556516698
ExecutionTime = 191.271424 s  ClockTime = 195 s

Time = 182s

smoothSolver:  Solving for Ux, Initial residual = 7.778602998e-06, Final residual = 2.831866913e-07, No Iterations 3
smoothSolver:  Solving for Uy, Initial residual = 1.009164629e-05, Final residual = 9.793241898e-07, No Iterations 2
smoothSolver:  Solving for Uz, Initial residual = 1.438972485e-05, Final residual = 1.321584188e-06, No Iterations 2
GAMG:  Solving for p, Initial residual = 8.071477326e-05, Final residual = 6.187200986e-07, No Iterations 3
time step continuity errors : sum local = 2.11416278e-07, global = -1.83413984e-08, cumulative = -0.0004748416576
smoothSolver:  Solving for omega, Initial residual = 0.0006085693113, Final residual = 1.745122382e-05, No Iterations 2
smoothSolver:  Solving for k, Initial residual = 0.0003470599634, Final residual = 3.335553828e-05, No Iterations 2
bounding k, min: -0.02176511346 max: 0.476459002 average: 0.155646703
ExecutionTime = 192.066585 s  ClockTime = 196 s

Time = 183s

smoothSolver:  Solving for Ux, Initial residual = 7.771656087e-06, Final residual = 2.919026952e-07, No Iterations 3
smoothSolver:  Solving for Uy, Initial residual = 9.988136849e-06, Final residual = 9.607534844e-07, No Iterations 2
smoothSolver:  Solving for Uz, Initial residual = 1.427847205e-05, Final residual = 1.334948215e-06, No Iterations 2
GAMG:  Solving for p, Initial residual = 7.741449347e-05, Final residual = 5.902709955e-07, No Iterations 3
time step continuity errors : sum local = 2.016883111e-07, global = -1.619744636e-08, cumulative = -0.0004748578551
smoothSolver:  Solving for omega, Initial residual = 0.0006093199021, Final residual = 1.769851795e-05, No Iterations 2
smoothSolver:  Solving for k, Initial residual = 0.0003478410833, Final residual = 3.263031113e-05, No Iterations 2
bounding k, min: -0.01068753149 max: 0.4765221907 average: 0.1556477565
ExecutionTime = 193.018396 s  ClockTime = 196 s

Time = 184s

smoothSolver:  Solving for Ux, Initial residual = 7.663270691e-06, Final residual = 7.643503991e-07, No Iterations 2
smoothSolver:  Solving for Uy, Initial residual = 9.831945019e-06, Final residual = 9.352816673e-07, No Iterations 2
smoothSolver:  Solving for Uz, Initial residual = 1.409802691e-05, Final residual = 1.303015255e-06, No Iterations 2
GAMG:  Solving for p, Initial residual = 7.300368167e-05, Final residual = 5.032187646e-07, No Iterations 3
time step continuity errors : sum local = 1.719452475e-07, global = -1.478588842e-08, cumulative = -0.000474872641
smoothSolver:  Solving for omega, Initial residual = 0.0006087292266, Final residual = 1.74167752e-05, No Iterations 2
smoothSolver:  Solving for k, Initial residual = 0.0003456877352, Final residual = 3.311473092e-05, No Iterations 2
bounding k, min: -0.02176304994 max: 0.4766474123 average: 0.1556425464
ExecutionTime = 193.93118 s  ClockTime = 197 s

Time = 185s

smoothSolver:  Solving for Ux, Initial residual = 7.433596683e-06, Final residual = 7.224688502e-07, No Iterations 2
smoothSolver:  Solving for Uy, Initial residual = 9.664610095e-06, Final residual = 9.126437667e-07, No Iterations 2
smoothSolver:  Solving for Uz, Initial residual = 1.378059341e-05, Final residual = 1.24375628e-06, No Iterations 2
GAMG:  Solving for p, Initial residual = 7.555182911e-05, Final residual = 5.682172394e-07, No Iterations 3
time step continuity errors : sum local = 1.941594988e-07, global = -1.377022837e-08, cumulative = -0.0004748864112
smoothSolver:  Solving for omega, Initial residual = 0.0006094217407, Final residual = 1.771805006e-05, No Iterations 2
smoothSolver:  Solving for k, Initial residual = 0.0003463143123, Final residual = 3.263072899e-05, No Iterations 2
bounding k, min: -0.01064983806 max: 0.476721041 average: 0.1556442082
ExecutionTime = 194.986268 s  ClockTime = 198 s

Time = 186s

smoothSolver:  Solving for Ux, Initial residual = 7.46069352e-06, Final residual = 7.404368847e-07, No Iterations 2
smoothSolver:  Solving for Uy, Initial residual = 9.550012489e-06, Final residual = 8.939381297e-07, No Iterations 2
smoothSolver:  Solving for Uz, Initial residual = 1.361277576e-05, Final residual = 1.240841923e-06, No Iterations 2
GAMG:  Solving for p, Initial residual = 7.214979675e-05, Final residual = 5.332157177e-07, No Iterations 3
time step continuity errors : sum local = 1.821934664e-07, global = -1.305923808e-08, cumulative = -0.0004748994704
smoothSolver:  Solving for omega, Initial residual = 0.0006087582793, Final residual = 1.745049854e-05, No Iterations 2
smoothSolver:  Solving for k, Initial residual = 0.0003452551579, Final residual = 3.321435289e-05, No Iterations 2
bounding k, min: -0.02176054602 max: 0.4768466007 average: 0.1556389698
ExecutionTime = 196.035676 s  ClockTime = 199 s

Time = 187s

smoothSolver:  Solving for Ux, Initial residual = 7.36609951e-06, Final residual = 7.159177946e-07, No Iterations 2
smoothSolver:  Solving for Uy, Initial residual = 9.389647839e-06, Final residual = 8.643178157e-07, No Iterations 2
smoothSolver:  Solving for Uz, Initial residual = 1.341026452e-05, Final residual = 1.209754564e-06, No Iterations 2
GAMG:  Solving for p, Initial residual = 6.778255671e-05, Final residual = 4.378789451e-07, No Iterations 3
time step continuity errors : sum local = 1.496187423e-07, global = -1.025165607e-08, cumulative = -0.0004749097221
smoothSolver:  Solving for omega, Initial residual = 0.0006099712793, Final residual = 1.775228034e-05, No Iterations 2
smoothSolver:  Solving for k, Initial residual = 0.0003457846511, Final residual = 3.25088744e-05, No Iterations 2
bounding k, min: -0.01068765737 max: 0.4769211083 average: 0.1556404297
ExecutionTime = 196.784519 s  ClockTime = 200 s

Time = 188s

smoothSolver:  Solving for Ux, Initial residual = 7.135070719e-06, Final residual = 6.752783437e-07, No Iterations 2
smoothSolver:  Solving for Uy, Initial residual = 9.239832254e-06, Final residual = 8.479472769e-07, No Iterations 2
smoothSolver:  Solving for Uz, Initial residual = 1.31054378e-05, Final residual = 1.144154e-06, No Iterations 2
GAMG:  Solving for p, Initial residual = 7.048750439e-05, Final residual = 5.106390889e-07, No Iterations 3
time step continuity errors : sum local = 1.744855069e-07, global = -1.131489675e-08, cumulative = -0.000474921037
smoothSolver:  Solving for omega, Initial residual = 0.0006092001, Final residual = 1.751200054e-05, No Iterations 2
smoothSolver:  Solving for k, Initial residual = 0.0003439811203, Final residual = 3.295414042e-05, No Iterations 2
bounding k, min: -0.02175870641 max: 0.4770442638 average: 0.1556362465
ExecutionTime = 197.551536 s  ClockTime = 201 s

Time = 189s

smoothSolver:  Solving for Ux, Initial residual = 7.161834724e-06, Final residual = 6.944753245e-07, No Iterations 2
smoothSolver:  Solving for Uy, Initial residual = 9.139707816e-06, Final residual = 8.265926583e-07, No Iterations 2
smoothSolver:  Solving for Uz, Initial residual = 1.300475832e-05, Final residual = 1.155680532e-06, No Iterations 2
GAMG:  Solving for p, Initial residual = 6.729081638e-05, Final residual = 4.704556264e-07, No Iterations 3
time step continuity errors : sum local = 1.607490204e-07, global = -9.591168877e-09, cumulative = -0.0004749306281
smoothSolver:  Solving for omega, Initial residual = 0.0006097395249, Final residual = 1.773228111e-05, No Iterations 2
smoothSolver:  Solving for k, Initial residual = 0.0003450871097, Final residual = 3.247316262e-05, No Iterations 2
bounding k, min: -0.01064976299 max: 0.4771198109 average: 0.1556376573
ExecutionTime = 198.868454 s  ClockTime = 205 s

Time = 190s

smoothSolver:  Solving for Ux, Initial residual = 7.088309888e-06, Final residual = 6.753103873e-07, No Iterations 2
smoothSolver:  Solving for Uy, Initial residual = 9.001960783e-06, Final residual = 8.043461322e-07, No Iterations 2
smoothSolver:  Solving for Uz, Initial residual = 1.283273389e-05, Final residual = 1.120832798e-06, No Iterations 2
GAMG:  Solving for p, Initial residual = 6.304728614e-05, Final residual = 3.831064181e-07, No Iterations 3
time step continuity errors : sum local = 1.309036274e-07, global = -9.163528469e-09, cumulative = -0.0004749397917
smoothSolver:  Solving for omega, Initial residual = 0.0006091466196, Final residual = 1.746730289e-05, No Iterations 2
smoothSolver:  Solving for k, Initial residual = 0.0003434524783, Final residual = 3.300229225e-05, No Iterations 2
bounding k, min: -0.02175751439 max: 0.477242456 average: 0.1556329791
ExecutionTime = 200.583307 s  ClockTime = 206 s

Time = 191s

smoothSolver:  Solving for Ux, Initial residual = 6.859192164e-06, Final residual = 6.339958501e-07, No Iterations 2
smoothSolver:  Solving for Uy, Initial residual = 8.890478704e-06, Final residual = 7.920276103e-07, No Iterations 2
smoothSolver:  Solving for Uz, Initial residual = 1.259199244e-05, Final residual = 1.075111515e-06, No Iterations 2
GAMG:  Solving for p, Initial residual = 6.594545503e-05, Final residual = 4.639950615e-07, No Iterations 3
time step continuity errors : sum local = 1.585466225e-07, global = -8.873811223e-09, cumulative = -0.0004749486655
smoothSolver:  Solving for omega, Initial residual = 0.0006098340554, Final residual = 1.776054955e-05, No Iterations 2
smoothSolver:  Solving for k, Initial residual = 0.0003437633765, Final residual = 3.229778914e-05, No Iterations 2
bounding k, min: -0.01068760466 max: 0.4773140876 average: 0.1556355295
ExecutionTime = 201.468611 s  ClockTime = 207 s

Time = 192s

smoothSolver:  Solving for Ux, Initial residual = 6.904451418e-06, Final residual = 6.520813044e-07, No Iterations 2
smoothSolver:  Solving for Uy, Initial residual = 8.825414499e-06, Final residual = 7.802034143e-07, No Iterations 2
smoothSolver:  Solving for Uz, Initial residual = 1.253415055e-05, Final residual = 1.092904927e-06, No Iterations 2
GAMG:  Solving for p, Initial residual = 6.295942608e-05, Final residual = 4.291684635e-07, No Iterations 3
time step continuity errors : sum local = 1.466419894e-07, global = -9.131156956e-09, cumulative = -0.0004749577966
smoothSolver:  Solving for omega, Initial residual = 0.0006087809635, Final residual = 1.747852258e-05, No Iterations 2
smoothSolver:  Solving for k, Initial residual = 0.000342318254, Final residual = 3.283419622e-05, No Iterations 2
bounding k, min: -0.0217574271 max: 0.47743117 average: 0.1556309742
ExecutionTime = 202.292674 s  ClockTime = 208 s

Time = 193s

smoothSolver:  Solving for Ux, Initial residual = 6.841002436e-06, Final residual = 6.322878103e-07, No Iterations 2
smoothSolver:  Solving for Uy, Initial residual = 8.706283507e-06, Final residual = 7.577918851e-07, No Iterations 2
smoothSolver:  Solving for Uz, Initial residual = 1.243343454e-05, Final residual = 1.074721929e-06, No Iterations 2
GAMG:  Solving for p, Initial residual = 5.893811299e-05, Final residual = 3.445734441e-07, No Iterations 3
time step continuity errors : sum local = 1.177371762e-07, global = -7.458714503e-09, cumulative = -0.0004749652554
smoothSolver:  Solving for omega, Initial residual = 0.0006096843625, Final residual = 1.773434352e-05, No Iterations 2
smoothSolver:  Solving for k, Initial residual = 0.0003432966875, Final residual = 3.230329057e-05, No Iterations 2
bounding k, min: -0.01064976229 max: 0.4775002232 average: 0.1556327361
ExecutionTime = 203.534488 s  ClockTime = 209 s

Time = 194s

smoothSolver:  Solving for Ux, Initial residual = 6.64552527e-06, Final residual = 5.974474021e-07, No Iterations 2
smoothSolver:  Solving for Uy, Initial residual = 8.623615027e-06, Final residual = 7.524912658e-07, No Iterations 2
smoothSolver:  Solving for Uz, Initial residual = 1.222621904e-05, Final residual = 1.022426679e-06, No Iterations 2
GAMG:  Solving for p, Initial residual = 6.191526312e-05, Final residual = 4.391855662e-07, No Iterations 3
time step continuity errors : sum local = 1.500692973e-07, global = -9.009420136e-09, cumulative = -0.0004749742648
smoothSolver:  Solving for omega, Initial residual = 0.0006090641584, Final residual = 1.749948178e-05, No Iterations 2
smoothSolver:  Solving for k, Initial residual = 0.0003420732242, Final residual = 3.288462057e-05, No Iterations 2
bounding k, min: -0.02175670689 max: 0.4776130197 average: 0.1556289975
ExecutionTime = 204.344907 s  ClockTime = 210 s

Time = 195s

smoothSolver:  Solving for Ux, Initial residual = 6.693950208e-06, Final residual = 6.175094907e-07, No Iterations 2
smoothSolver:  Solving for Uy, Initial residual = 8.584231316e-06, Final residual = 7.435506417e-07, No Iterations 2
smoothSolver:  Solving for Uz, Initial residual = 1.222100043e-05, Final residual = 1.052793507e-06, No Iterations 2
GAMG:  Solving for p, Initial residual = 5.916815399e-05, Final residual = 4.02917872e-07, No Iterations 3
time step continuity errors : sum local = 1.376718133e-07, global = -7.67955687e-09, cumulative = -0.0004749819443
smoothSolver:  Solving for omega, Initial residual = 0.0006099666003, Final residual = 1.774569217e-05, No Iterations 2
smoothSolver:  Solving for k, Initial residual = 0.0003430908436, Final residual = 3.225612305e-05, No Iterations 2
bounding k, min: -0.01068771147 max: 0.4776820408 average: 0.1556311922
ExecutionTime = 205.513119 s  ClockTime = 211 s

Time = 196s

smoothSolver:  Solving for Ux, Initial residual = 6.645129499e-06, Final residual = 5.983555075e-07, No Iterations 2
smoothSolver:  Solving for Uy, Initial residual = 8.479699515e-06, Final residual = 7.25457536e-07, No Iterations 2
smoothSolver:  Solving for Uz, Initial residual = 1.211612619e-05, Final residual = 1.028700093e-06, No Iterations 2
GAMG:  Solving for p, Initial residual = 5.524137989e-05, Final residual = 3.263793102e-07, No Iterations 3
time step continuity errors : sum local = 1.115205636e-07, global = -7.791554496e-09, cumulative = -0.0004749897359
smoothSolver:  Solving for omega, Initial residual = 0.0006092751509, Final residual = 1.747375203e-05, No Iterations 2
smoothSolver:  Solving for k, Initial residual = 0.0003412249447, Final residual = 3.270841418e-05, No Iterations 2
bounding k, min: -0.02175741541 max: 0.4777966905 average: 0.1556270038
ExecutionTime = 206.428612 s  ClockTime = 212 s

Time = 197s

smoothSolver:  Solving for Ux, Initial residual = 6.44721601e-06, Final residual = 5.622327555e-07, No Iterations 2
smoothSolver:  Solving for Uy, Initial residual = 8.397496608e-06, Final residual = 7.174131618e-07, No Iterations 2
smoothSolver:  Solving for Uz, Initial residual = 1.192463995e-05, Final residual = 9.877736218e-07, No Iterations 2
GAMG:  Solving for p, Initial residual = 5.83783068e-05, Final residual = 4.24554642e-07, No Iterations 3
time step continuity errors : sum local = 1.450696703e-07, global = -7.823056296e-09, cumulative = -0.0004749975589
smoothSolver:  Solving for omega, Initial residual = 0.0006097609328, Final residual = 1.776484131e-05, No Iterations 2
smoothSolver:  Solving for k, Initial residual = 0.000341978232, Final residual = 3.224029104e-05, No Iterations 2
bounding k, min: -0.01064997949 max: 0.4778663045 average: 0.1556297017
ExecutionTime = 207.632724 s  ClockTime = 213 s

Time = 198s

smoothSolver:  Solving for Ux, Initial residual = 6.524923061e-06, Final residual = 5.866843571e-07, No Iterations 2
smoothSolver:  Solving for Uy, Initial residual = 8.367798463e-06, Final residual = 7.127446844e-07, No Iterations 2
smoothSolver:  Solving for Uz, Initial residual = 1.191851808e-05, Final residual = 1.010363551e-06, No Iterations 2
GAMG:  Solving for p, Initial residual = 5.570854217e-05, Final residual = 3.879872613e-07, No Iterations 3
time step continuity errors : sum local = 1.325702178e-07, global = -8.075560903e-09, cumulative = -0.0004750056345
smoothSolver:  Solving for omega, Initial residual = 0.0006090616295, Final residual = 1.750723686e-05, No Iterations 2
smoothSolver:  Solving for k, Initial residual = 0.0003410681734, Final residual = 3.283995202e-05, No Iterations 2
bounding k, min: -0.02175834699 max: 0.4779807151 average: 0.1556254866
ExecutionTime = 208.431351 s  ClockTime = 214 s

Time = 199s

smoothSolver:  Solving for Ux, Initial residual = 6.484502619e-06, Final residual = 5.69687215e-07, No Iterations 2
smoothSolver:  Solving for Uy, Initial residual = 8.290239465e-06, Final residual = 6.95764588e-07, No Iterations 2
smoothSolver:  Solving for Uz, Initial residual = 1.185341531e-05, Final residual = 9.963806588e-07, No Iterations 2
GAMG:  Solving for p, Initial residual = 5.208382018e-05, Final residual = 3.089078001e-07, No Iterations 3
time step continuity errors : sum local = 1.055501709e-07, global = -6.329233471e-09, cumulative = -0.0004750119637
smoothSolver:  Solving for omega, Initial residual = 0.0006102170369, Final residual = 1.776012663e-05, No Iterations 2
smoothSolver:  Solving for k, Initial residual = 0.0003417803734, Final residual = 3.211408525e-05, No Iterations 2
bounding k, min: -0.01068782657 max: 0.478051222 average: 0.1556279095
ExecutionTime = 209.444538 s  ClockTime = 214 s

Time = 200s

smoothSolver:  Solving for Ux, Initial residual = 6.305803371e-06, Final residual = 5.354850955e-07, No Iterations 2
smoothSolver:  Solving for Uy, Initial residual = 8.218382688e-06, Final residual = 6.917360445e-07, No Iterations 2
smoothSolver:  Solving for Uz, Initial residual = 1.167517346e-05, Final residual = 9.476729174e-07, No Iterations 2
GAMG:  Solving for p, Initial residual = 5.529136102e-05, Final residual = 4.126214741e-07, No Iterations 3
time step continuity errors : sum local = 1.409922108e-07, global = -7.912218151e-09, cumulative = -0.000475019876
smoothSolver:  Solving for omega, Initial residual = 0.0006092855655, Final residual = 1.753245876e-05, No Iterations 2
smoothSolver:  Solving for k, Initial residual = 0.0003400140123, Final residual = 3.260790901e-05, No Iterations 2
bounding k, min: -0.02175994291 max: 0.4781618736 average: 0.1556246728
ExecutionTime = 211.011896 s  ClockTime = 217 s

End

